#
# A fatal error has been detected by the Java Runtime Environment:
#
#  SIGSEGV (0xb) at pc=0x000078a7c969da37, pid=18051, tid=18060
#
# JRE version: OpenJDK Runtime Environment (21.0.9+10) (build 21.0.9+10-Ubuntu-122.04)
# Java VM: OpenJDK 64-Bit Server VM (21.0.9+10-Ubuntu-122.04, mixed mode, sharing, tiered, compressed oops, compressed class ptrs, g1 gc, linux-amd64)
# Problematic frame:
# C  [libtesseract.so+0x9da37]  tesseract::Tesseract::recog_all_words(PAGE_RES*, ETEXT_DESC*, TBOX const*, char const*, int)+0x347
#
# Core dump will be written. Default location: Core dumps may be processed with "/usr/share/apport/apport -p%p -s%s -c%c -d%d -P%P -u%u -g%g -F%F -- %E" (or dumping to /home/apolo/Documents/Fachada Cagepa/core.18051)
#
# If you would like to submit a bug report, please visit:
#   https://bugs.launchpad.net/ubuntu/+source/openjdk-21
# The crash happened outside the Java Virtual Machine in native code.
# See problematic frame for where to report the bug.
#

---------------  S U M M A R Y ------------

Command Line: -Dfile.encoding=UTF-8 -Duser.country=US -Duser.language=en -Duser.variant com.fachada.cagepa.fachadacagepa.domain.util.ImageDigitExtractor

Host: 12th Gen Intel(R) Core(TM) i5-12450HX, 12 cores, 7G, Ubuntu 22.04.5 LTS
Time: Mon Dec  8 01:40:40 2025 -03 elapsed time: 2.217779 seconds (0d 0h 0m 2s)

---------------  T H R E A D  ---------------

Current thread (0x000078a94c0222f0):  JavaThread "main"             [_thread_in_native, id=18060, stack(0x000078a951f00000,0x000078a952000000) (1024K)]

Stack: [0x000078a951f00000,0x000078a952000000],  sp=0x000078a951ffd400,  free space=1013k
Native frames: (J=compiled Java code, j=interpreted, Vv=VM code, C=native code)
C  [libtesseract.so+0x9da37]  tesseract::Tesseract::recog_all_words(PAGE_RES*, ETEXT_DESC*, TBOX const*, char const*, int)+0x347
Java frames: (J=compiled Java code, j=interpreted, Vv=VM code)
j  com.sun.jna.Native.invokePointer(Lcom/sun/jna/Function;JI[Ljava/lang/Object;)J+0
j  com.sun.jna.Function.invokePointer(I[Ljava/lang/Object;)Lcom/sun/jna/Pointer;+7
j  com.sun.jna.Function.invoke([Ljava/lang/Object;Ljava/lang/Class;ZI)Ljava/lang/Object;+385
j  com.sun.jna.Function.invoke(Ljava/lang/reflect/Method;[Ljava/lang/Class;Ljava/lang/Class;[Ljava/lang/Object;Ljava/util/Map;)Ljava/lang/Object;+271
j  com.sun.jna.Library$Handler.invoke(Ljava/lang/Object;Ljava/lang/reflect/Method;[Ljava/lang/Object;)Ljava/lang/Object;+390
j  jdk.proxy2.$Proxy7.TessBaseAPIGetUTF8Text(Lnet/sourceforge/tess4j/ITessAPI$TessBaseAPI;)Lcom/sun/jna/Pointer;+16 jdk.proxy2
j  net.sourceforge.tess4j.Tesseract.getOCRText(Ljava/lang/String;I)Ljava/lang/String;+269
j  net.sourceforge.tess4j.Tesseract.doOCR(Ljava/util/List;Ljava/lang/String;Ljava/awt/Rectangle;)Ljava/lang/String;+69
j  net.sourceforge.tess4j.Tesseract.doOCR(Ljava/util/List;Ljava/awt/Rectangle;)Ljava/lang/String;+4
j  net.sourceforge.tess4j.Tesseract.doOCR(Ljava/awt/image/BufferedImage;Ljava/awt/Rectangle;)Ljava/lang/String;+6
j  net.sourceforge.tess4j.Tesseract.doOCR(Ljava/awt/image/BufferedImage;)Ljava/lang/String;+3
j  com.fachada.cagepa.fachadacagepa.domain.util.ImageDigitExtractor.extractDigits(Ljava/lang/String;)Ljava/lang/String;+145
j  com.fachada.cagepa.fachadacagepa.domain.util.ImageDigitExtractor.main([Ljava/lang/String;)V+13
v  ~StubRoutines::call_stub 0x000078a93bd37cc6

siginfo: si_signo: 11 (SIGSEGV), si_code: 1 (SEGV_MAPERR), si_addr: 0x000000000000000c

Registers:
RAX=0x0000000000000000, RBX=0x000078a94d2a94e0, RCX=0x000078a94d2cae68, RDX=0x0000000000000000
RSP=0x000078a951ffd400, RBP=0x000078a951ffd450, RSI=0x0000000000000000, RDI=0x000078a951ffd4a0
R8 =0x000078a94d2a6b50, R9 =0x0000000000000000, R10=0x000078a94d2ebd60, R11=0x000078a94c000090
R12=0x000078a94d307020, R13=0x0000000000000000, R14=0x0000000000000000, R15=0x000078a94d307020
RIP=0x000078a7c969da37, EFLAGS=0x0000000000010246, CSGSFS=0x002b000000000033, ERR=0x0000000000000004
  TRAPNO=0x000000000000000e

XMM[0]=0x000078a94d2df7a0 0x000078a94d303cb0
XMM[1]=0x000078a94d2df7a0 0x000078a94d2a6b50
XMM[2]=0x000078a94d2df7a0 0x000078a94d303cb0
XMM[3]=0x000078a94d2df7a0 0x000078a94d2a6b50
XMM[4]=0x007fc0007fc0007f 0xc00081c00081c000
XMM[5]=0x0000000000000000 0x000078a94c000090
XMM[6]=0x7fc0ff7fa0ff7fa0 0x00818d007f80007f
XMM[7]=0x0000000000000000 0x0000000000000000
XMM[8]=0x0000000000000000 0x3ff0000000000000
XMM[9]=0x0000000000000000 0x0000000040000000
XMM[10]=0x0000000000000000 0x00000000ee863a35
XMM[11]=0x0000000000000000 0x000000003f800000
XMM[12]=0x0000000000000000 0x000000006b9b5f1c
XMM[13]=0x0000000000000000 0x0000000000000000
XMM[14]=0x0000000000000000 0x0000000000000000
XMM[15]=0x0000000000000000 0x0000000000000000
  MXCSR=0x00001fa2


Register to memory mapping:

RAX=0x0 is null
RBX=0x000078a94d2a94e0 points into unknown readable memory: 0x000078a7c99036b8 | b8 36 90 c9 a7 78 00 00
RCX=0x000078a94d2cae68 points into unknown readable memory: 0x0000000000000000 | 00 00 00 00 00 00 00 00
RDX=0x0 is null
RSP=0x000078a951ffd400 is pointing into the stack for thread: 0x000078a94c0222f0
RBP=0x000078a951ffd450 is pointing into the stack for thread: 0x000078a94c0222f0
RSI=0x0 is null
RDI=0x000078a951ffd4a0 is pointing into the stack for thread: 0x000078a94c0222f0
R8 =0x000078a94d2a6b50 points into unknown readable memory: 0x000078a94d2df7a0 | a0 f7 2d 4d a9 78 00 00
R9 =0x0 is null
R10=0x000078a94d2ebd60 points into unknown readable memory: 0x0000000000000490 | 90 04 00 00 00 00 00 00
R11=0x000078a94c000090 points into unknown readable memory: 0x000078a94d35b470 | 70 b4 35 4d a9 78 00 00
R12=0x000078a94d307020 points into unknown readable memory: 0x0000000000000000 | 00 00 00 00 00 00 00 00
R13=0x0 is null
R14=0x0 is null
R15=0x000078a94d307020 points into unknown readable memory: 0x0000000000000000 | 00 00 00 00 00 00 00 00

Top of Stack: (sp=0x000078a951ffd400)
0x000078a951ffd400:   0000000000000000 0000000000000000
0x000078a951ffd410:   000078a94d2ebf20 000078a7c9010000
0x000078a951ffd420:   000000000000000a 55298cb0111eee00
0x000078a951ffd430:   000078a94d2a9508 0000000000000001
0x000078a951ffd440:   000078a94d303c90 000078a94d2e0418
0x000078a951ffd450:   000078a94d307020 0000000000000000
0x000078a951ffd460:   0000000000000000 0000000000000000
0x000078a951ffd470:   000078a94d2a6b50 000078a94d303c90
0x000078a951ffd480:   000078a94d2e03f0 0000000000000000
0x000078a951ffd490:   0000000000000000 0000000000000000
0x000078a951ffd4a0:   000078a94d307028 000078a94d2e03f0
0x000078a951ffd4b0:   000078a94d2e03f0 000078a94d2e03f0
0x000078a951ffd4c0:   000078a94d2e03f0 0000000000010000
0x000078a951ffd4d0:   000078a94d2e0418 000078a94d303c90
0x000078a951ffd4e0:   000078a94d303c90 000078a94d303c90
0x000078a951ffd4f0:   000078a94d303c90 000078a94d010000
0x000078a951ffd500:   000078a94d303cb0 000078a94d2df7a0
0x000078a951ffd510:   000078a94d2a6b50 000078a94d2df7a0
0x000078a951ffd520:   000078a94d2a6b50 000078a94d010000
0x000078a951ffd530:   000078a94d303cb0 000078a94d2df7a0
0x000078a951ffd540:   000078a94d2a6b50 000078a94d2df7a0
0x000078a951ffd550:   000078a94d2a6b50 55298cb011000000
0x000078a951ffd560:   000078a94d303cb0 000078a94d2df7a0
0x000078a951ffd570:   000078a94d2a6b50 000078a94d2df7a0
0x000078a951ffd580:   000078a94d2a6b50 000078a951000000
0x000078a951ffd590:   000078a7c984e1a2 55298cb0111eee00
0x000078a951ffd5a0:   0000000000000000 000078a94d2a3b60
0x000078a951ffd5b0:   000078a951ffd640 0000000000000001
0x000078a951ffd5c0:   0000000000000000 0000000000000000
0x000078a951ffd5d0:   000078a94d307020 000078a7c9681c3b
0x000078a951ffd5e0:   000078a95380d840 000078a94c0222f0
0x000078a951ffd5f0:   000078a94d2a94e0 000078a94d2a3b60 

Instructions: (pc=0x000078a7c969da37)
0x000078a7c969d937:   24 70 48 85 c0 74 62 48 8b 94 24 80 00 00 00 48
0x000078a7c969d947:   8b 52 08 48 85 d2 74 04 48 8b 52 08 48 8b 80 38
0x000078a7c969d957:   01 00 00 48 85 c0 74 c1 8b 48 34 85 c9 74 ba 7e
0x000078a7c969d967:   1f 48 8b 40 10 83 e9 01 48 8d 4c 88 04 0f 1f 40
0x000078a7c969d977:   00 8b 30 85 f6 75 aa 48 83 c0 04 48 39 c8 75 f1
0x000078a7c969d987:   48 85 d2 74 94 8b 42 10 83 f8 03 77 6c 85 c0 74
0x000078a7c969d997:   90 eb 86 66 0f 1f 44 00 00 4d 85 ed 74 0a b8 64
0x000078a7c969d9a7:   00 00 00 66 41 89 45 02 b8 01 00 00 00 48 8b 94
0x000078a7c969d9b7:   24 98 01 00 00 64 48 2b 14 25 28 00 00 00 0f 85
0x000078a7c969d9c7:   8c 03 00 00 48 81 c4 a8 01 00 00 5b 5d 41 5c 41
0x000078a7c969d9d7:   5d 41 5e 41 5f c3 0f 1f 00 4d 85 ed 0f 84 c7 01
0x000078a7c969d9e7:   00 00 48 8b 14 24 48 89 ee 48 89 df e8 98 72 00
0x000078a7c969d9f7:   00 e9 f8 fe ff ff 0f 1f 00 83 e8 05 83 f8 03 0f
0x000078a7c969da07:   86 14 ff ff ff e9 17 ff ff ff 0f 1f 80 00 00 00
0x000078a7c969da17:   00 31 f6 48 89 ef e8 ce 1f 17 00 8b 83 08 14 00
0x000078a7c969da27:   00 85 c0 0f 8f c0 01 00 00 48 8b 83 b0 09 00 00
0x000078a7c969da37:   80 78 0c 00 0f 85 d8 02 00 00 8b 83 d8 44 02 00
0x000078a7c969da47:   45 31 ff 85 c0 7f 20 eb 47 48 8b 87 b0 09 00 00
0x000078a7c969da57:   80 78 0c 00 0f 85 9f 01 00 00 49 83 c7 01 44 39
0x000078a7c969da67:   bb d8 44 02 00 7e 29 48 8b 83 e0 44 02 00 4a 8b
0x000078a7c969da77:   3c f8 44 8b 9f 08 14 00 00 45 85 db 7e cb e8 46
0x000078a7c969da87:   96 0e 00 49 83 c7 01 44 39 bb d8 44 02 00 7f d7
0x000078a7c969da97:   48 c7 44 24 30 00 00 00 00 4c 8d 7c 24 30 4c 89
0x000078a7c969daa7:   ff e8 23 f2 1a 00 48 8b 4c 24 08 4d 89 f9 4d 89
0x000078a7c969dab7:   e0 48 8b 14 24 be 01 00 00 00 48 89 df e8 87 b2
0x000078a7c969dac7:   ff ff 44 8b 93 d4 35 02 00 45 85 d2 74 0b 4c 89
0x000078a7c969dad7:   fe 48 89 df e8 b0 ae 03 00 8b 44 24 30 45 31 c9
0x000078a7c969dae7:   4d 89 f8 48 89 e9 c7 83 c4 44 02 00 00 00 00 00
0x000078a7c969daf7:   4c 89 ea be 01 00 00 00 48 89 df 89 83 c0 44 02
0x000078a7c969db07:   00 48 c7 83 b4 44 02 00 00 00 00 00 66 44 89 8b
0x000078a7c969db17:   bc 44 02 00 48 89 9b f8 44 02 00 e8 69 ef ff ff
0x000078a7c969db27:   84 c0 0f 84 d6 01 00 00 31 f6 48 89 ef e8 b7 1e 


Stack slot to memory mapping:

stack at sp + 0 slots: 0x0 is null
stack at sp + 1 slots: 0x0 is null
stack at sp + 2 slots: 0x000078a94d2ebf20 points into unknown readable memory: 0x000078a94d2ebf20 | 20 bf 2e 4d a9 78 00 00
stack at sp + 3 slots: 0x000078a7c9010000: <offset 0x000000000000b000> in /lib/x86_64-linux-gnu/libicuuc.so.70 at 0x000078a7c9005000
stack at sp + 4 slots: 0x000000000000000a is an unknown value
stack at sp + 5 slots: 0x55298cb0111eee00 is an unknown value
stack at sp + 6 slots: 0x000078a94d2a9508 points into unknown readable memory: 0x000078a94d2a4a88 | 88 4a 2a 4d a9 78 00 00
stack at sp + 7 slots: 0x0000000000000001 is an unknown value


---------------  P R O C E S S  ---------------

Threads class SMR info:
_java_thread_list=0x000078a94d28c790, length=12, elements={
0x000078a94c0222f0, 0x000078a94c15a1d0, 0x000078a94c15b730, 0x000078a94c15ceb0,
0x000078a94c15e4e0, 0x000078a94c15fa70, 0x000078a94c1615a0, 0x000078a94c16ac40,
0x000078a94c177d60, 0x000078a94c17af90, 0x000078a94cb1c200, 0x000078a94d28b8c0
}

Java Threads: ( => current thread )
=>0x000078a94c0222f0 JavaThread "main"                              [_thread_in_native, id=18060, stack(0x000078a951f00000,0x000078a952000000) (1024K)]
  0x000078a94c15a1d0 JavaThread "Reference Handler"          daemon [_thread_blocked, id=18068, stack(0x000078a93047b000,0x000078a93057b000) (1024K)]
  0x000078a94c15b730 JavaThread "Finalizer"                  daemon [_thread_blocked, id=18069, stack(0x000078a93037b000,0x000078a93047b000) (1024K)]
  0x000078a94c15ceb0 JavaThread "Signal Dispatcher"          daemon [_thread_blocked, id=18070, stack(0x000078a93027b000,0x000078a93037b000) (1024K)]
  0x000078a94c15e4e0 JavaThread "Service Thread"             daemon [_thread_blocked, id=18071, stack(0x000078a93017b000,0x000078a93027b000) (1024K)]
  0x000078a94c15fa70 JavaThread "Monitor Deflation Thread"   daemon [_thread_blocked, id=18072, stack(0x000078a93007b000,0x000078a93017b000) (1024K)]
  0x000078a94c1615a0 JavaThread "C2 CompilerThread0"         daemon [_thread_in_native, id=18073, stack(0x000078a8da900000,0x000078a8daa00000) (1024K)]
  0x000078a94c16ac40 JavaThread "C1 CompilerThread0"         daemon [_thread_blocked, id=18074, stack(0x000078a8da800000,0x000078a8da900000) (1024K)]
  0x000078a94c177d60 JavaThread "Notification Thread"        daemon [_thread_blocked, id=18075, stack(0x000078a8da62f000,0x000078a8da72f000) (1024K)]
  0x000078a94c17af90 JavaThread "Common-Cleaner"             daemon [_thread_blocked, id=18076, stack(0x000078a8da52f000,0x000078a8da62f000) (1024K)]
  0x000078a94cb1c200 JavaThread "JavaCPP Deallocator"        daemon [_thread_blocked, id=18089, stack(0x000078a8da32e000,0x000078a8da42e000) (1024K)]
  0x000078a94d28b8c0 JavaThread "process reaper"             daemon [_thread_blocked, id=18114, stack(0x000078a8d8666000,0x000078a8d8688000) (136K)]
Total: 12

Other Threads:
  0x000078a94c14fcc0 VMThread "VM Thread"                           [id=18067, stack(0x000078a93057c000,0x000078a93067c000) (1024K)]
  0x000078a94c13dfb0 WatcherThread "VM Periodic Task Thread"        [id=18066, stack(0x000078a93067d000,0x000078a93077d000) (1024K)]
  0x000078a94c078e70 WorkerThread "GC Thread#0"                     [id=18061, stack(0x000078a950b8d000,0x000078a950c8d000) (1024K)]
  0x000078a8c8008170 WorkerThread "GC Thread#1"                     [id=18077, stack(0x000078a8da42f000,0x000078a8da52f000) (1024K)]
  0x000078a94c089450 ConcurrentGCThread "G1 Main Marker"            [id=18062, stack(0x000078a950a8c000,0x000078a950b8c000) (1024K)]
  0x000078a94c08a3f0 WorkerThread "G1 Conc#0"                       [id=18063, stack(0x000078a95098b000,0x000078a950a8b000) (1024K)]
  0x000078a94c1226c0 ConcurrentGCThread "G1 Refine#0"               [id=18064, stack(0x000078a930900000,0x000078a930a00000) (1024K)]
  0x000078a94c123670 ConcurrentGCThread "G1 Service"                [id=18065, stack(0x000078a9307ff000,0x000078a9308ff000) (1024K)]
Total: 8

Threads with active compile tasks:
C2 CompilerThread0  2223 1466       4       jdk.internal.org.objectweb.asm.Frame::execute (2305 bytes)
Total: 1

VM state: not at safepoint (normal execution)

VM Mutex/Monitor currently owned by a thread: None

Heap address: 0x0000000088200000, size: 1918 MB, Compressed Oops mode: 32-bit

CDS archive(s) mapped at: [0x000078a8db000000-0x000078a8dbca0000-0x000078a8dbca0000), size 13238272, SharedBaseAddress: 0x000078a8db000000, ArchiveRelocationMode: 1.
Compressed class space mapped at: 0x000078a8dc000000-0x000078a91c000000, reserved size: 1073741824
Narrow klass base: 0x000078a8db000000, Narrow klass shift: 0, Narrow klass range: 0x100000000

GC Precious Log:
 CardTable entry size: 512
 Card Set container configuration: InlinePtr #cards 5 size 8 Array Of Cards #cards 12 size 40 Howl #buckets 4 coarsen threshold 1843 Howl Bitmap #cards 512 size 80 coarsen threshold 460 Card regions per heap region 1 cards per card region 2048
 CPUs: 12 total, 12 available
 Memory: 7664M
 Large Page Support: Disabled
 NUMA Support: Disabled
 Compressed Oops: Enabled (32-bit)
 Heap Region Size: 1M
 Heap Min Capacity: 8M
 Heap Initial Capacity: 120M
 Heap Max Capacity: 1918M
 Pre-touch: Disabled
 Parallel Workers: 10
 Concurrent Workers: 3
 Concurrent Refinement Workers: 10
 Periodic GC: Disabled

Heap:
 garbage-first heap   total 124928K, used 47516K [0x0000000088200000, 0x0000000100000000)
  region size 1024K, 38 young (38912K), 1 survivors (1024K)
 Metaspace       used 12066K, committed 12288K, reserved 1114112K
  class space    used 811K, committed 896K, reserved 1048576K

Heap Regions: E=young(eden), S=young(survivor), O=old, HS=humongous(starts), HC=humongous(continues), CS=collection set, F=free, TAMS=top-at-mark-start, PB=parsable bottom
|   0|0x0000000088200000, 0x0000000088300000, 0x0000000088300000|100%|HS|  |TAMS 0x0000000088200000| PB 0x0000000088200000| Complete 
|   1|0x0000000088300000, 0x0000000088400000, 0x0000000088400000|100%|HS|  |TAMS 0x0000000088300000| PB 0x0000000088300000| Complete 
|   2|0x0000000088400000, 0x0000000088500000, 0x0000000088500000|100%| O|  |TAMS 0x0000000088400000| PB 0x0000000088400000| Untracked 
|   3|0x0000000088500000, 0x0000000088600000, 0x0000000088600000|100%| O|  |TAMS 0x0000000088500000| PB 0x0000000088500000| Untracked 
|   4|0x0000000088600000, 0x0000000088700000, 0x0000000088700000|100%| O|  |TAMS 0x0000000088600000| PB 0x0000000088600000| Untracked 
|   5|0x0000000088700000, 0x0000000088800000, 0x0000000088800000|100%| O|  |TAMS 0x0000000088700000| PB 0x0000000088700000| Untracked 
|   6|0x0000000088800000, 0x0000000088800000, 0x0000000088900000|  0%| F|  |TAMS 0x0000000088800000| PB 0x0000000088800000| Untracked 
|   7|0x0000000088900000, 0x0000000088900000, 0x0000000088a00000|  0%| F|  |TAMS 0x0000000088900000| PB 0x0000000088900000| Untracked 
|   8|0x0000000088a00000, 0x0000000088a00000, 0x0000000088b00000|  0%| F|  |TAMS 0x0000000088a00000| PB 0x0000000088a00000| Untracked 
|   9|0x0000000088b00000, 0x0000000088b00000, 0x0000000088c00000|  0%| F|  |TAMS 0x0000000088b00000| PB 0x0000000088b00000| Untracked 
|  10|0x0000000088c00000, 0x0000000088c00000, 0x0000000088d00000|  0%| F|  |TAMS 0x0000000088c00000| PB 0x0000000088c00000| Untracked 
|  11|0x0000000088d00000, 0x0000000088d00000, 0x0000000088e00000|  0%| F|  |TAMS 0x0000000088d00000| PB 0x0000000088d00000| Untracked 
|  12|0x0000000088e00000, 0x0000000088f00000, 0x0000000088f00000|100%| O|  |TAMS 0x0000000088e00000| PB 0x0000000088e00000| Untracked 
|  13|0x0000000088f00000, 0x0000000089000000, 0x0000000089000000|100%| O|  |TAMS 0x0000000088f00000| PB 0x0000000088f00000| Untracked 
|  14|0x0000000089000000, 0x0000000089100000, 0x0000000089100000|100%| O|  |TAMS 0x0000000089000000| PB 0x0000000089000000| Untracked 
|  15|0x0000000089100000, 0x0000000089100000, 0x0000000089200000|  0%| F|  |TAMS 0x0000000089100000| PB 0x0000000089100000| Untracked 
|  16|0x0000000089200000, 0x0000000089200000, 0x0000000089300000|  0%| F|  |TAMS 0x0000000089200000| PB 0x0000000089200000| Untracked 
|  17|0x0000000089300000, 0x0000000089300000, 0x0000000089400000|  0%| F|  |TAMS 0x0000000089300000| PB 0x0000000089300000| Untracked 
|  18|0x0000000089400000, 0x0000000089400000, 0x0000000089500000|  0%| F|  |TAMS 0x0000000089400000| PB 0x0000000089400000| Untracked 
|  19|0x0000000089500000, 0x0000000089500000, 0x0000000089600000|  0%| F|  |TAMS 0x0000000089500000| PB 0x0000000089500000| Untracked 
|  20|0x0000000089600000, 0x0000000089600000, 0x0000000089700000|  0%| F|  |TAMS 0x0000000089600000| PB 0x0000000089600000| Untracked 
|  21|0x0000000089700000, 0x0000000089700000, 0x0000000089800000|  0%| F|  |TAMS 0x0000000089700000| PB 0x0000000089700000| Untracked 
|  22|0x0000000089800000, 0x0000000089800000, 0x0000000089900000|  0%| F|  |TAMS 0x0000000089800000| PB 0x0000000089800000| Untracked 
|  23|0x0000000089900000, 0x0000000089900000, 0x0000000089a00000|  0%| F|  |TAMS 0x0000000089900000| PB 0x0000000089900000| Untracked 
|  24|0x0000000089a00000, 0x0000000089a00000, 0x0000000089b00000|  0%| F|  |TAMS 0x0000000089a00000| PB 0x0000000089a00000| Untracked 
|  25|0x0000000089b00000, 0x0000000089b00000, 0x0000000089c00000|  0%| F|  |TAMS 0x0000000089b00000| PB 0x0000000089b00000| Untracked 
|  26|0x0000000089c00000, 0x0000000089c00000, 0x0000000089d00000|  0%| F|  |TAMS 0x0000000089c00000| PB 0x0000000089c00000| Untracked 
|  27|0x0000000089d00000, 0x0000000089d00000, 0x0000000089e00000|  0%| F|  |TAMS 0x0000000089d00000| PB 0x0000000089d00000| Untracked 
|  28|0x0000000089e00000, 0x0000000089e00000, 0x0000000089f00000|  0%| F|  |TAMS 0x0000000089e00000| PB 0x0000000089e00000| Untracked 
|  29|0x0000000089f00000, 0x0000000089f00000, 0x000000008a000000|  0%| F|  |TAMS 0x0000000089f00000| PB 0x0000000089f00000| Untracked 
|  30|0x000000008a000000, 0x000000008a000000, 0x000000008a100000|  0%| F|  |TAMS 0x000000008a000000| PB 0x000000008a000000| Untracked 
|  31|0x000000008a100000, 0x000000008a100000, 0x000000008a200000|  0%| F|  |TAMS 0x000000008a100000| PB 0x000000008a100000| Untracked 
|  32|0x000000008a200000, 0x000000008a200000, 0x000000008a300000|  0%| F|  |TAMS 0x000000008a200000| PB 0x000000008a200000| Untracked 
|  33|0x000000008a300000, 0x000000008a300000, 0x000000008a400000|  0%| F|  |TAMS 0x000000008a300000| PB 0x000000008a300000| Untracked 
|  34|0x000000008a400000, 0x000000008a400000, 0x000000008a500000|  0%| F|  |TAMS 0x000000008a400000| PB 0x000000008a400000| Untracked 
|  35|0x000000008a500000, 0x000000008a500000, 0x000000008a600000|  0%| F|  |TAMS 0x000000008a500000| PB 0x000000008a500000| Untracked 
|  36|0x000000008a600000, 0x000000008a600000, 0x000000008a700000|  0%| F|  |TAMS 0x000000008a600000| PB 0x000000008a600000| Untracked 
|  37|0x000000008a700000, 0x000000008a700000, 0x000000008a800000|  0%| F|  |TAMS 0x000000008a700000| PB 0x000000008a700000| Untracked 
|  38|0x000000008a800000, 0x000000008a800000, 0x000000008a900000|  0%| F|  |TAMS 0x000000008a800000| PB 0x000000008a800000| Untracked 
|  39|0x000000008a900000, 0x000000008a900000, 0x000000008aa00000|  0%| F|  |TAMS 0x000000008a900000| PB 0x000000008a900000| Untracked 
|  40|0x000000008aa00000, 0x000000008aa00000, 0x000000008ab00000|  0%| F|  |TAMS 0x000000008aa00000| PB 0x000000008aa00000| Untracked 
|  41|0x000000008ab00000, 0x000000008ab00000, 0x000000008ac00000|  0%| F|  |TAMS 0x000000008ab00000| PB 0x000000008ab00000| Untracked 
|  42|0x000000008ac00000, 0x000000008ac00000, 0x000000008ad00000|  0%| F|  |TAMS 0x000000008ac00000| PB 0x000000008ac00000| Untracked 
|  43|0x000000008ad00000, 0x000000008ad00000, 0x000000008ae00000|  0%| F|  |TAMS 0x000000008ad00000| PB 0x000000008ad00000| Untracked 
|  44|0x000000008ae00000, 0x000000008ae00000, 0x000000008af00000|  0%| F|  |TAMS 0x000000008ae00000| PB 0x000000008ae00000| Untracked 
|  45|0x000000008af00000, 0x000000008af00000, 0x000000008b000000|  0%| F|  |TAMS 0x000000008af00000| PB 0x000000008af00000| Untracked 
|  46|0x000000008b000000, 0x000000008b000000, 0x000000008b100000|  0%| F|  |TAMS 0x000000008b000000| PB 0x000000008b000000| Untracked 
|  47|0x000000008b100000, 0x000000008b15a9e0, 0x000000008b200000| 35%| S|CS|TAMS 0x000000008b100000| PB 0x000000008b100000| Complete 
|  48|0x000000008b200000, 0x000000008b200000, 0x000000008b300000|  0%| F|  |TAMS 0x000000008b200000| PB 0x000000008b200000| Untracked 
|  49|0x000000008b300000, 0x000000008b300000, 0x000000008b400000|  0%| F|  |TAMS 0x000000008b300000| PB 0x000000008b300000| Untracked 
|  50|0x000000008b400000, 0x000000008b400000, 0x000000008b500000|  0%| F|  |TAMS 0x000000008b400000| PB 0x000000008b400000| Untracked 
|  51|0x000000008b500000, 0x000000008b500000, 0x000000008b600000|  0%| F|  |TAMS 0x000000008b500000| PB 0x000000008b500000| Untracked 
|  52|0x000000008b600000, 0x000000008b600000, 0x000000008b700000|  0%| F|  |TAMS 0x000000008b600000| PB 0x000000008b600000| Untracked 
|  53|0x000000008b700000, 0x000000008b700000, 0x000000008b800000|  0%| F|  |TAMS 0x000000008b700000| PB 0x000000008b700000| Untracked 
|  54|0x000000008b800000, 0x000000008b800000, 0x000000008b900000|  0%| F|  |TAMS 0x000000008b800000| PB 0x000000008b800000| Untracked 
|  55|0x000000008b900000, 0x000000008b900000, 0x000000008ba00000|  0%| F|  |TAMS 0x000000008b900000| PB 0x000000008b900000| Untracked 
|  56|0x000000008ba00000, 0x000000008ba00000, 0x000000008bb00000|  0%| F|  |TAMS 0x000000008ba00000| PB 0x000000008ba00000| Untracked 
|  57|0x000000008bb00000, 0x000000008bb00000, 0x000000008bc00000|  0%| F|  |TAMS 0x000000008bb00000| PB 0x000000008bb00000| Untracked 
|  58|0x000000008bc00000, 0x000000008bc00000, 0x000000008bd00000|  0%| F|  |TAMS 0x000000008bc00000| PB 0x000000008bc00000| Untracked 
|  59|0x000000008bd00000, 0x000000008bd00000, 0x000000008be00000|  0%| F|  |TAMS 0x000000008bd00000| PB 0x000000008bd00000| Untracked 
|  60|0x000000008be00000, 0x000000008be00000, 0x000000008bf00000|  0%| F|  |TAMS 0x000000008be00000| PB 0x000000008be00000| Untracked 
|  61|0x000000008bf00000, 0x000000008bf00000, 0x000000008c000000|  0%| F|  |TAMS 0x000000008bf00000| PB 0x000000008bf00000| Untracked 
|  62|0x000000008c000000, 0x000000008c000000, 0x000000008c100000|  0%| F|  |TAMS 0x000000008c000000| PB 0x000000008c000000| Untracked 
|  63|0x000000008c100000, 0x000000008c100000, 0x000000008c200000|  0%| F|  |TAMS 0x000000008c100000| PB 0x000000008c100000| Untracked 
|  64|0x000000008c200000, 0x000000008c200000, 0x000000008c300000|  0%| F|  |TAMS 0x000000008c200000| PB 0x000000008c200000| Untracked 
|  65|0x000000008c300000, 0x000000008c300000, 0x000000008c400000|  0%| F|  |TAMS 0x000000008c300000| PB 0x000000008c300000| Untracked 
|  66|0x000000008c400000, 0x000000008c400000, 0x000000008c500000|  0%| F|  |TAMS 0x000000008c400000| PB 0x000000008c400000| Untracked 
|  67|0x000000008c500000, 0x000000008c500000, 0x000000008c600000|  0%| F|  |TAMS 0x000000008c500000| PB 0x000000008c500000| Untracked 
|  68|0x000000008c600000, 0x000000008c600000, 0x000000008c700000|  0%| F|  |TAMS 0x000000008c600000| PB 0x000000008c600000| Untracked 
|  69|0x000000008c700000, 0x000000008c700000, 0x000000008c800000|  0%| F|  |TAMS 0x000000008c700000| PB 0x000000008c700000| Untracked 
|  70|0x000000008c800000, 0x000000008c800000, 0x000000008c900000|  0%| F|  |TAMS 0x000000008c800000| PB 0x000000008c800000| Untracked 
|  71|0x000000008c900000, 0x000000008c900000, 0x000000008ca00000|  0%| F|  |TAMS 0x000000008c900000| PB 0x000000008c900000| Untracked 
|  72|0x000000008ca00000, 0x000000008ca00000, 0x000000008cb00000|  0%| F|  |TAMS 0x000000008ca00000| PB 0x000000008ca00000| Untracked 
|  73|0x000000008cb00000, 0x000000008cb00000, 0x000000008cc00000|  0%| F|  |TAMS 0x000000008cb00000| PB 0x000000008cb00000| Untracked 
|  74|0x000000008cc00000, 0x000000008cc00000, 0x000000008cd00000|  0%| F|  |TAMS 0x000000008cc00000| PB 0x000000008cc00000| Untracked 
|  75|0x000000008cd00000, 0x000000008cd00000, 0x000000008ce00000|  0%| F|  |TAMS 0x000000008cd00000| PB 0x000000008cd00000| Untracked 
|  76|0x000000008ce00000, 0x000000008ce00000, 0x000000008cf00000|  0%| F|  |TAMS 0x000000008ce00000| PB 0x000000008ce00000| Untracked 
|  77|0x000000008cf00000, 0x000000008cf00000, 0x000000008d000000|  0%| F|  |TAMS 0x000000008cf00000| PB 0x000000008cf00000| Untracked 
|  78|0x000000008d000000, 0x000000008d000000, 0x000000008d100000|  0%| F|  |TAMS 0x000000008d000000| PB 0x000000008d000000| Untracked 
|  79|0x000000008d100000, 0x000000008d100000, 0x000000008d200000|  0%| F|  |TAMS 0x000000008d100000| PB 0x000000008d100000| Untracked 
|  80|0x000000008d200000, 0x000000008d200000, 0x000000008d300000|  0%| F|  |TAMS 0x000000008d200000| PB 0x000000008d200000| Untracked 
|  81|0x000000008d300000, 0x000000008d300000, 0x000000008d400000|  0%| F|  |TAMS 0x000000008d300000| PB 0x000000008d300000| Untracked 
|  82|0x000000008d400000, 0x000000008d400000, 0x000000008d500000|  0%| F|  |TAMS 0x000000008d400000| PB 0x000000008d400000| Untracked 
|  83|0x000000008d500000, 0x000000008d600000, 0x000000008d600000|100%| E|  |TAMS 0x000000008d500000| PB 0x000000008d500000| Complete 
|  84|0x000000008d600000, 0x000000008d700000, 0x000000008d700000|100%| E|CS|TAMS 0x000000008d600000| PB 0x000000008d600000| Complete 
|  85|0x000000008d700000, 0x000000008d800000, 0x000000008d800000|100%| E|CS|TAMS 0x000000008d700000| PB 0x000000008d700000| Complete 
|  86|0x000000008d800000, 0x000000008d900000, 0x000000008d900000|100%| E|CS|TAMS 0x000000008d800000| PB 0x000000008d800000| Complete 
|  87|0x000000008d900000, 0x000000008da00000, 0x000000008da00000|100%| E|CS|TAMS 0x000000008d900000| PB 0x000000008d900000| Complete 
|  88|0x000000008da00000, 0x000000008db00000, 0x000000008db00000|100%| E|CS|TAMS 0x000000008da00000| PB 0x000000008da00000| Complete 
|  89|0x000000008db00000, 0x000000008dc00000, 0x000000008dc00000|100%| E|CS|TAMS 0x000000008db00000| PB 0x000000008db00000| Complete 
|  90|0x000000008dc00000, 0x000000008dd00000, 0x000000008dd00000|100%| E|CS|TAMS 0x000000008dc00000| PB 0x000000008dc00000| Complete 
|  91|0x000000008dd00000, 0x000000008de00000, 0x000000008de00000|100%| E|CS|TAMS 0x000000008dd00000| PB 0x000000008dd00000| Complete 
|  92|0x000000008de00000, 0x000000008df00000, 0x000000008df00000|100%| E|CS|TAMS 0x000000008de00000| PB 0x000000008de00000| Complete 
|  93|0x000000008df00000, 0x000000008e000000, 0x000000008e000000|100%| E|CS|TAMS 0x000000008df00000| PB 0x000000008df00000| Complete 
|  94|0x000000008e000000, 0x000000008e100000, 0x000000008e100000|100%| E|CS|TAMS 0x000000008e000000| PB 0x000000008e000000| Complete 
|  95|0x000000008e100000, 0x000000008e200000, 0x000000008e200000|100%| E|CS|TAMS 0x000000008e100000| PB 0x000000008e100000| Complete 
|  96|0x000000008e200000, 0x000000008e300000, 0x000000008e300000|100%| E|CS|TAMS 0x000000008e200000| PB 0x000000008e200000| Complete 
|  97|0x000000008e300000, 0x000000008e400000, 0x000000008e400000|100%| E|CS|TAMS 0x000000008e300000| PB 0x000000008e300000| Complete 
|  98|0x000000008e400000, 0x000000008e500000, 0x000000008e500000|100%| E|CS|TAMS 0x000000008e400000| PB 0x000000008e400000| Complete 
|  99|0x000000008e500000, 0x000000008e600000, 0x000000008e600000|100%| E|CS|TAMS 0x000000008e500000| PB 0x000000008e500000| Complete 
| 100|0x000000008e600000, 0x000000008e700000, 0x000000008e700000|100%| E|CS|TAMS 0x000000008e600000| PB 0x000000008e600000| Complete 
| 101|0x000000008e700000, 0x000000008e800000, 0x000000008e800000|100%| E|CS|TAMS 0x000000008e700000| PB 0x000000008e700000| Complete 
| 102|0x000000008e800000, 0x000000008e900000, 0x000000008e900000|100%| E|CS|TAMS 0x000000008e800000| PB 0x000000008e800000| Complete 
| 103|0x000000008e900000, 0x000000008ea00000, 0x000000008ea00000|100%| E|CS|TAMS 0x000000008e900000| PB 0x000000008e900000| Complete 
| 104|0x000000008ea00000, 0x000000008eb00000, 0x000000008eb00000|100%| E|CS|TAMS 0x000000008ea00000| PB 0x000000008ea00000| Complete 
| 105|0x000000008eb00000, 0x000000008ec00000, 0x000000008ec00000|100%| E|CS|TAMS 0x000000008eb00000| PB 0x000000008eb00000| Complete 
| 106|0x000000008ec00000, 0x000000008ed00000, 0x000000008ed00000|100%| E|CS|TAMS 0x000000008ec00000| PB 0x000000008ec00000| Complete 
| 107|0x000000008ed00000, 0x000000008ee00000, 0x000000008ee00000|100%| E|CS|TAMS 0x000000008ed00000| PB 0x000000008ed00000| Complete 
| 108|0x000000008ee00000, 0x000000008ef00000, 0x000000008ef00000|100%| E|CS|TAMS 0x000000008ee00000| PB 0x000000008ee00000| Complete 
| 109|0x000000008ef00000, 0x000000008f000000, 0x000000008f000000|100%| E|CS|TAMS 0x000000008ef00000| PB 0x000000008ef00000| Complete 
| 110|0x000000008f000000, 0x000000008f100000, 0x000000008f100000|100%| E|CS|TAMS 0x000000008f000000| PB 0x000000008f000000| Complete 
| 111|0x000000008f100000, 0x000000008f200000, 0x000000008f200000|100%| E|CS|TAMS 0x000000008f100000| PB 0x000000008f100000| Complete 
| 112|0x000000008f200000, 0x000000008f300000, 0x000000008f300000|100%| E|CS|TAMS 0x000000008f200000| PB 0x000000008f200000| Complete 
| 113|0x000000008f300000, 0x000000008f400000, 0x000000008f400000|100%| E|CS|TAMS 0x000000008f300000| PB 0x000000008f300000| Complete 
| 114|0x000000008f400000, 0x000000008f500000, 0x000000008f500000|100%| E|CS|TAMS 0x000000008f400000| PB 0x000000008f400000| Complete 
| 115|0x000000008f500000, 0x000000008f600000, 0x000000008f600000|100%| E|CS|TAMS 0x000000008f500000| PB 0x000000008f500000| Complete 
| 116|0x000000008f600000, 0x000000008f700000, 0x000000008f700000|100%| E|CS|TAMS 0x000000008f600000| PB 0x000000008f600000| Complete 
| 117|0x000000008f700000, 0x000000008f800000, 0x000000008f800000|100%| E|CS|TAMS 0x000000008f700000| PB 0x000000008f700000| Complete 
| 118|0x000000008f800000, 0x000000008f900000, 0x000000008f900000|100%| E|CS|TAMS 0x000000008f800000| PB 0x000000008f800000| Complete 
| 119|0x000000008f900000, 0x000000008fa00000, 0x000000008fa00000|100%| E|CS|TAMS 0x000000008f900000| PB 0x000000008f900000| Complete 
|1916|0x00000000ffe00000, 0x00000000fff00000, 0x00000000fff00000|100%| O|  |TAMS 0x00000000ffe00000| PB 0x00000000ffe00000| Untracked 
|1917|0x00000000fff00000, 0x00000000fff0c838, 0x0000000100000000|  4%| O|  |TAMS 0x00000000fff00000| PB 0x00000000fff00000| Untracked 

Card table byte_map: [0x000078a950c8d000,0x000078a95104c000] _byte_map_base: 0x000078a95084c000

Marking Bits: (CMBitMap*) 0x000078a94c079990
 Bits: [0x000078a932a08000, 0x000078a934800000)

Polling page: 0x000078a953cae000

Metaspace:

Usage:
  Non-class:     10,99 MB used.
      Class:    811,49 KB used.
       Both:     11,78 MB used.

Virtual space:
  Non-class space:       64,00 MB reserved,      11,12 MB ( 17%) committed,  1 nodes.
      Class space:        1,00 GB reserved,     896,00 KB ( <1%) committed,  1 nodes.
             Both:        1,06 GB reserved,      12,00 MB (  1%) committed. 

Chunk freelists:
   Non-Class:  4,27 MB
       Class:  14,97 MB
        Both:  19,24 MB

MaxMetaspaceSize: unlimited
CompressedClassSpaceSize: 1,00 GB
Initial GC threshold: 21,00 MB
Current GC threshold: 21,00 MB
CDS: on
 - commit_granule_bytes: 65536.
 - commit_granule_words: 8192.
 - virtual_space_node_default_size: 8388608.
 - enlarge_chunks_in_place: 1.
 - use_allocation_guard: 0.


Internal statistics:

num_allocs_failed_limit: 0.
num_arena_births: 158.
num_arena_deaths: 0.
num_vsnodes_births: 2.
num_vsnodes_deaths: 0.
num_space_committed: 190.
num_space_uncommitted: 0.
num_chunks_returned_to_freelist: 0.
num_chunks_taken_from_freelist: 483.
num_chunk_merges: 0.
num_chunk_splits: 369.
num_chunks_enlarged: 268.
num_inconsistent_stats: 0.

CodeHeap 'non-profiled nmethods': size=120028Kb used=859Kb max_used=859Kb free=119168Kb
 bounds [0x000078a93c2c9000, 0x000078a93c539000, 0x000078a943800000]
CodeHeap 'profiled nmethods': size=120028Kb used=2609Kb max_used=2609Kb free=117418Kb
 bounds [0x000078a934800000, 0x000078a934a90000, 0x000078a93bd37000]
CodeHeap 'non-nmethods': size=5704Kb used=2205Kb max_used=2222Kb free=3498Kb
 bounds [0x000078a93bd37000, 0x000078a93bfa7000, 0x000078a93c2c9000]
CodeCache: size=245760Kb, used=5673Kb, max_used=5690Kb, free=240084Kb
 total_blobs=2600, nmethods=1476, adapters=1030, full_count=0
Compilation: enabled, stopped_count=0, restarted_count=0

Compilation events (20 events):
Event: 2,191 Thread 0x000078a94c16ac40 1468       3       java.lang.PublicMethods$MethodList::filter (104 bytes)
Event: 2,191 Thread 0x000078a94c1615a0 nmethod 1439 0x000078a93c39b510 code [0x000078a93c39b740, 0x000078a93c39c080]
Event: 2,191 Thread 0x000078a94c1615a0 1423       4       java.lang.StringUTF16::compress (50 bytes)
Event: 2,192 Thread 0x000078a94c16ac40 nmethod 1468 0x000078a934a87e90 code [0x000078a934a880c0, 0x000078a934a88a78]
Event: 2,192 Thread 0x000078a94c16ac40 1469       3       java.lang.Class::getReflectionFactory (28 bytes)
Event: 2,192 Thread 0x000078a94c16ac40 nmethod 1469 0x000078a934a88f10 code [0x000078a934a89140, 0x000078a934a897f8]
Event: 2,192 Thread 0x000078a94c16ac40 1471       3       java.lang.reflect.Method::copy (84 bytes)
Event: 2,192 Thread 0x000078a94c16ac40 nmethod 1471 0x000078a934a89a90 code [0x000078a934a89c60, 0x000078a934a8a060]
Event: 2,194 Thread 0x000078a94c16ac40 1475       3       sun.invoke.util.BytecodeDescriptor::unparseMethod (66 bytes)
Event: 2,195 Thread 0x000078a94c16ac40 nmethod 1475 0x000078a934a8a190 code [0x000078a934a8a3c0, 0x000078a934a8a998]
Event: 2,195 Thread 0x000078a94c16ac40 1476       3       java.lang.invoke.LambdaFormBuffer::changeName (149 bytes)
Event: 2,195 Thread 0x000078a94c16ac40 nmethod 1476 0x000078a934a8ac90 code [0x000078a934a8ae60, 0x000078a934a8b368]
Event: 2,195 Thread 0x000078a94c16ac40 1477       3       java.lang.invoke.LambdaForm::useCount (61 bytes)
Event: 2,195 Thread 0x000078a94c16ac40 nmethod 1477 0x000078a934a8b510 code [0x000078a934a8b6e0, 0x000078a934a8ba30]
Event: 2,195 Thread 0x000078a94c1615a0 nmethod 1423 0x000078a93c39cf90 code [0x000078a93c39d120, 0x000078a93c39d378]
Event: 2,195 Thread 0x000078a94c1615a0 1429 %     4       java.io.BufferedReader::implReadLine @ 125 (301 bytes)
Event: 2,210 Thread 0x000078a94c16ac40 1478       3       java.lang.invoke.Invokers::checkExactType (17 bytes)
Event: 2,210 Thread 0x000078a94c16ac40 nmethod 1478 0x000078a934a8bc10 code [0x000078a934a8bdc0, 0x000078a934a8bfb0]
Event: 2,210 Thread 0x000078a94c16ac40 1479       3       java.lang.invoke.Invokers::checkCustomized (23 bytes)
Event: 2,210 Thread 0x000078a94c16ac40 nmethod 1479 0x000078a934a8c090 code [0x000078a934a8c240, 0x000078a934a8c400]

GC Heap History (10 events):
Event: 0,386 GC heap before
{Heap before GC invocations=0 (full 0):
 garbage-first heap   total 124928K, used 25650K [0x0000000088200000, 0x0000000100000000)
  region size 1024K, 23 young (23552K), 0 survivors (0K)
 Metaspace       used 3183K, committed 3328K, reserved 1114112K
  class space    used 305K, committed 384K, reserved 1048576K
}
Event: 0,393 GC heap after
{Heap after GC invocations=1 (full 0):
 garbage-first heap   total 124928K, used 10121K [0x0000000088200000, 0x0000000100000000)
  region size 1024K, 3 young (3072K), 3 survivors (3072K)
 Metaspace       used 3183K, committed 3328K, reserved 1114112K
  class space    used 305K, committed 384K, reserved 1048576K
}
Event: 1,164 GC heap before
{Heap before GC invocations=1 (full 0):
 garbage-first heap   total 124928K, used 42889K [0x0000000088200000, 0x0000000100000000)
  region size 1024K, 30 young (30720K), 3 survivors (3072K)
 Metaspace       used 7762K, committed 7936K, reserved 1114112K
  class space    used 349K, committed 448K, reserved 1048576K
}
Event: 1,168 GC heap after
{Heap after GC invocations=2 (full 0):
 garbage-first heap   total 124928K, used 10640K [0x0000000088200000, 0x0000000100000000)
  region size 1024K, 1 young (1024K), 1 survivors (1024K)
 Metaspace       used 7762K, committed 7936K, reserved 1114112K
  class space    used 349K, committed 448K, reserved 1048576K
}
Event: 1,370 GC heap before
{Heap before GC invocations=2 (full 0):
 garbage-first heap   total 124928K, used 83344K [0x0000000088200000, 0x0000000100000000)
  region size 1024K, 72 young (73728K), 1 survivors (1024K)
 Metaspace       used 7775K, committed 7936K, reserved 1114112K
  class space    used 349K, committed 448K, reserved 1048576K
}
Event: 1,372 GC heap after
{Heap after GC invocations=3 (full 0):
 garbage-first heap   total 124928K, used 10554K [0x0000000088200000, 0x0000000100000000)
  region size 1024K, 1 young (1024K), 1 survivors (1024K)
 Metaspace       used 7775K, committed 7936K, reserved 1114112K
  class space    used 349K, committed 448K, reserved 1048576K
}
Event: 1,532 GC heap before
{Heap before GC invocations=3 (full 0):
 garbage-first heap   total 124928K, used 83258K [0x0000000088200000, 0x0000000100000000)
  region size 1024K, 72 young (73728K), 1 survivors (1024K)
 Metaspace       used 7778K, committed 7936K, reserved 1114112K
  class space    used 349K, committed 448K, reserved 1048576K
}
Event: 1,534 GC heap after
{Heap after GC invocations=4 (full 0):
 garbage-first heap   total 124928K, used 10575K [0x0000000088200000, 0x0000000100000000)
  region size 1024K, 1 young (1024K), 1 survivors (1024K)
 Metaspace       used 7778K, committed 7936K, reserved 1114112K
  class space    used 349K, committed 448K, reserved 1048576K
}
Event: 1,693 GC heap before
{Heap before GC invocations=4 (full 0):
 garbage-first heap   total 124928K, used 83279K [0x0000000088200000, 0x0000000100000000)
  region size 1024K, 72 young (73728K), 1 survivors (1024K)
 Metaspace       used 7794K, committed 8000K, reserved 1114112K
  class space    used 349K, committed 448K, reserved 1048576K
}
Event: 1,694 GC heap after
{Heap after GC invocations=5 (full 0):
 garbage-first heap   total 124928K, used 10652K [0x0000000088200000, 0x0000000100000000)
  region size 1024K, 1 young (1024K), 1 survivors (1024K)
 Metaspace       used 7794K, committed 8000K, reserved 1114112K
  class space    used 349K, committed 448K, reserved 1048576K
}

Dll operation events (20 events):
Event: 0,065 Loaded shared library /usr/lib/jvm/java-21-openjdk-amd64/lib/libzip.so
Event: 0,084 Loaded shared library /usr/lib/jvm/java-21-openjdk-amd64/lib/libjimage.so
Event: 0,376 Loaded shared library /usr/lib/jvm/java-21-openjdk-amd64/lib/libnet.so
Event: 0,379 Loaded shared library /home/apolo/.javacpp/cache/openblas-0.3.30-1.5.12-linux-x86_64.jar/org/bytedeco/openblas/linux-x86_64/libgcc_s.so.1
Event: 0,403 Loaded shared library /home/apolo/.javacpp/cache/openblas-0.3.30-1.5.12-linux-x86_64.jar/org/bytedeco/openblas/linux-x86_64/libquadmath.so.0
Event: 0,432 Loaded shared library /home/apolo/.javacpp/cache/openblas-0.3.30-1.5.12-linux-x86_64.jar/org/bytedeco/openblas/linux-x86_64/libgfortran.so.5
Event: 0,669 Loaded shared library /home/apolo/.javacpp/cache/openblas-0.3.30-1.5.12-linux-x86_64.jar/org/bytedeco/openblas/linux-x86_64/libopenblas_nolapack.so.0
Event: 0,708 Loaded shared library /home/apolo/.javacpp/cache/openblas-0.3.30-1.5.12-linux-x86_64.jar/org/bytedeco/openblas/linux-x86_64/libjniopenblas_nolapack.so
Event: 0,730 Loaded shared library /home/apolo/.javacpp/cache/javacpp-1.5.12-linux-x86_64.jar/org/bytedeco/javacpp/linux-x86_64/libjnijavacpp.so
Event: 1,012 Loaded shared library /home/apolo/.javacpp/cache/openblas-0.3.30-1.5.12-linux-x86_64.jar/org/bytedeco/openblas/linux-x86_64/libopenblas.so.0
Event: 1,113 Loaded shared library /home/apolo/.javacpp/cache/openblas-0.3.30-1.5.12-linux-x86_64.jar/org/bytedeco/openblas/linux-x86_64/libjniopenblas.so
Event: 1,734 Loaded shared library /home/apolo/.javacpp/cache/opencv-4.11.0-1.5.12-linux-x86_64.jar/org/bytedeco/opencv/linux-x86_64/libopencv_core.so.411
Event: 1,814 Loaded shared library /home/apolo/.javacpp/cache/opencv-4.11.0-1.5.12-linux-x86_64.jar/org/bytedeco/opencv/linux-x86_64/libopencv_imgproc.so.411
Event: 1,843 Loaded shared library /home/apolo/.javacpp/cache/opencv-4.11.0-1.5.12-linux-x86_64.jar/org/bytedeco/opencv/linux-x86_64/libjniopencv_core.so
Event: 1,902 Loaded shared library /home/apolo/.javacpp/cache/opencv-4.11.0-1.5.12-linux-x86_64.jar/org/bytedeco/opencv/linux-x86_64/libjniopencv_imgproc.so
Event: 1,940 Loaded shared library /home/apolo/.javacpp/cache/opencv-4.11.0-1.5.12-linux-x86_64.jar/org/bytedeco/opencv/linux-x86_64/libopencv_imgcodecs.so.411
Event: 1,944 Loaded shared library /home/apolo/.javacpp/cache/opencv-4.11.0-1.5.12-linux-x86_64.jar/org/bytedeco/opencv/linux-x86_64/libjniopencv_imgcodecs.so
Event: 1,995 Loaded shared library /usr/lib/jvm/java-21-openjdk-amd64/lib/libawt.so
Event: 2,004 Loaded shared library /usr/lib/jvm/java-21-openjdk-amd64/lib/libawt_xawt.so
Event: 2,132 Loaded shared library /home/apolo/.cache/JNA/temp/jna6748022909441730770.tmp

Deoptimization events (20 events):
Event: 2,024 Thread 0x000078a94c0222f0 Uncommon trap: trap_request=0xffffff45 fr.pc=0x000078a93c380124 relative=0x00000000000006a4
Event: 2,024 Thread 0x000078a94c0222f0 Uncommon trap: reason=unstable_if action=reinterpret pc=0x000078a93c380124 method=java.io.UnixFileSystem.resolve(Ljava/lang/String;Ljava/lang/String;)Ljava/lang/String; @ 4 c2
Event: 2,024 Thread 0x000078a94c0222f0 DEOPT PACKING pc=0x000078a93c380124 sp=0x000078a951ffd360
Event: 2,024 Thread 0x000078a94c0222f0 DEOPT UNPACKING pc=0x000078a93bd8af99 sp=0x000078a951ffd330 mode 2
Event: 2,062 Thread 0x000078a94c0222f0 Uncommon trap: trap_request=0xffffff45 fr.pc=0x000078a93c381a8c relative=0x00000000000001cc
Event: 2,062 Thread 0x000078a94c0222f0 Uncommon trap: reason=unstable_if action=reinterpret pc=0x000078a93c381a8c method=java.lang.String.startsWith(Ljava/lang/String;I)Z @ 1 c2
Event: 2,062 Thread 0x000078a94c0222f0 DEOPT PACKING pc=0x000078a93c381a8c sp=0x000078a951ffd360
Event: 2,062 Thread 0x000078a94c0222f0 DEOPT UNPACKING pc=0x000078a93bd8af99 sp=0x000078a951ffd228 mode 2
Event: 2,107 Thread 0x000078a94c0222f0 Uncommon trap: trap_request=0xffffff45 fr.pc=0x000078a93c325764 relative=0x0000000000000224
Event: 2,107 Thread 0x000078a94c0222f0 Uncommon trap: reason=unstable_if action=reinterpret pc=0x000078a93c325764 method=java.lang.String.startsWith(Ljava/lang/String;I)Z @ 1 c2
Event: 2,107 Thread 0x000078a94c0222f0 DEOPT PACKING pc=0x000078a93c325764 sp=0x000078a951ffbf70
Event: 2,107 Thread 0x000078a94c0222f0 DEOPT UNPACKING pc=0x000078a93bd8af99 sp=0x000078a951ffbf00 mode 2
Event: 2,182 Thread 0x000078a94c0222f0 Uncommon trap: trap_request=0xffffff45 fr.pc=0x000078a93c32b21c relative=0x000000000000063c
Event: 2,182 Thread 0x000078a94c0222f0 Uncommon trap: reason=unstable_if action=reinterpret pc=0x000078a93c32b21c method=java.lang.Integer.getChars(II[B)I @ 25 c2
Event: 2,182 Thread 0x000078a94c0222f0 DEOPT PACKING pc=0x000078a93c32b21c sp=0x000078a951ffd580
Event: 2,182 Thread 0x000078a94c0222f0 DEOPT UNPACKING pc=0x000078a93bd8af99 sp=0x000078a951ffd4c8 mode 2
Event: 2,182 Thread 0x000078a94c0222f0 Uncommon trap: trap_request=0xffffff45 fr.pc=0x000078a93c32a7bc relative=0x000000000000011c
Event: 2,182 Thread 0x000078a94c0222f0 Uncommon trap: reason=unstable_if action=reinterpret pc=0x000078a93c32a7bc method=java.lang.Integer.getChars(II[B)I @ 25 c2
Event: 2,182 Thread 0x000078a94c0222f0 DEOPT PACKING pc=0x000078a93c32a7bc sp=0x000078a951ffd520
Event: 2,182 Thread 0x000078a94c0222f0 DEOPT UNPACKING pc=0x000078a93bd8af99 sp=0x000078a951ffd4c8 mode 2

Classes loaded (20 events):
Event: 2,158 Loading class sun/util/logging/internal/LoggingProviderImpl$JULWrapper
Event: 2,158 Loading class sun/util/logging/internal/LoggingProviderImpl$JULWrapper done
Event: 2,162 Loading class java/lang/ProcessBuilder$NullInputStream
Event: 2,162 Loading class java/lang/ProcessBuilder$NullInputStream done
Event: 2,162 Loading class java/lang/ProcessBuilder$NullOutputStream
Event: 2,163 Loading class java/lang/ProcessBuilder$NullOutputStream done
Event: 2,193 Loading class java/lang/reflect/TypeVariable
Event: 2,193 Loading class java/lang/reflect/TypeVariable done
Event: 2,193 Loading class java/lang/reflect/AnnotatedType
Event: 2,193 Loading class java/lang/reflect/AnnotatedType done
Event: 2,193 Loading class java/lang/foreign/ValueLayout
Event: 2,193 Loading class java/lang/foreign/MemoryLayout
Event: 2,194 Loading class java/lang/foreign/MemoryLayout done
Event: 2,194 Loading class java/lang/foreign/ValueLayout done
Event: 2,194 Loading class java/lang/TypeNotPresentException
Event: 2,194 Loading class java/lang/TypeNotPresentException done
Event: 2,210 Loading class java/awt/image/BufferedImage$1
Event: 2,210 Loading class java/awt/image/BufferedImage$1 done
Event: 2,210 Loading class java/nio/DirectByteBuffer$Deallocator
Event: 2,210 Loading class java/nio/DirectByteBuffer$Deallocator done

Classes unloaded (0 events):
No events

Classes redefined (0 events):
No events

Internal exceptions (20 events):
Event: 0,248 Thread 0x000078a94c0222f0 Exception <a 'java/lang/NoSuchMethodError'{0x000000008ecd8588}: 'java.lang.Object java.lang.invoke.Invokers$Holder.linkToTargetMethod(java.lang.Object, long, java.lang.Object, java.lang.Object)'> (0x000000008ecd8588) 
thrown [./src/hotspot/share/interpreter/linkResolver.cpp, line 772]
Event: 0,295 Thread 0x000078a94c0222f0 Exception <a 'java/lang/NoSuchMethodError'{0x000000008e907248}: 'void java.lang.invoke.DirectMethodHandle$Holder.invokeSpecial(java.lang.Object, java.lang.Object, java.lang.Object)'> (0x000000008e907248) 
thrown [./src/hotspot/share/interpreter/linkResolver.cpp, line 772]
Event: 0,301 Thread 0x000078a94c0222f0 Exception <a 'java/lang/ClassNotFoundException'{0x000000008e936770}: sun/util/logging/resources/spi/loggingProvider> (0x000000008e936770) 
thrown [./src/hotspot/share/classfile/systemDictionary.cpp, line 312]
Event: 0,323 Thread 0x000078a94c0222f0 Exception <a 'java/lang/NoSuchMethodError'{0x000000008e838338}: 'int java.lang.invoke.DirectMethodHandle$Holder.invokeStaticInit(java.lang.Object, java.lang.Object, java.lang.Object, java.lang.Object)'> (0x000000008e838338) 
thrown [./src/hotspot/share/interpreter/linkResolver.cpp, line 772]
Event: 0,324 Thread 0x000078a94c0222f0 Exception <a 'java/lang/NoSuchMethodError'{0x000000008e840ab0}: 'java.lang.Object java.lang.invoke.DirectMethodHandle$Holder.invokeInterface(java.lang.Object, java.lang.Object)'> (0x000000008e840ab0) 
thrown [./src/hotspot/share/interpreter/linkResolver.cpp, line 772]
Event: 0,324 Thread 0x000078a94c0222f0 Exception <a 'java/lang/IncompatibleClassChangeError'{0x000000008e843d48}: Found class java.lang.Object, but interface was expected> (0x000000008e843d48) 
thrown [./src/hotspot/share/interpreter/linkResolver.cpp, line 840]
Event: 0,325 Thread 0x000078a94c0222f0 Exception <a 'java/lang/NoSuchMethodError'{0x000000008e846760}: 'void java.lang.invoke.DirectMethodHandle$Holder.invokeStatic(java.lang.Object, java.lang.Object)'> (0x000000008e846760) 
thrown [./src/hotspot/share/interpreter/linkResolver.cpp, line 772]
Event: 0,325 Thread 0x000078a94c0222f0 Exception <a 'java/lang/NoSuchMethodError'{0x000000008e849b70}: 'void java.lang.invoke.DirectMethodHandle$Holder.invokeStaticInit(java.lang.Object, java.lang.Object)'> (0x000000008e849b70) 
thrown [./src/hotspot/share/interpreter/linkResolver.cpp, line 772]
Event: 0,325 Thread 0x000078a94c0222f0 Exception <a 'java/lang/NoSuchMethodError'{0x000000008e84f538}: 'int java.lang.invoke.DirectMethodHandle$Holder.invokeStaticInit(java.lang.Object, java.lang.Object)'> (0x000000008e84f538) 
thrown [./src/hotspot/share/interpreter/linkResolver.cpp, line 772]
Event: 2,010 Thread 0x000078a94c0222f0 Exception <a 'java/lang/ClassNotFoundException'{0x000000008d9a0aa8}: sun/awt/resources/spi/awtProvider> (0x000000008d9a0aa8) 
thrown [./src/hotspot/share/classfile/systemDictionary.cpp, line 312]
Event: 2,012 Thread 0x000078a94c0222f0 Exception <a 'java/io/FileNotFoundException'{0x000000008d9a38c0}> (0x000000008d9a38c0) 
thrown [./src/hotspot/share/prims/jni.cpp, line 520]
Event: 2,146 Thread 0x000078a94c0222f0 Exception <a 'java/lang/NoSuchMethodError'{0x000000008d774088}: 'java.lang.Object java.lang.invoke.DirectMethodHandle$Holder.invokeStatic(java.lang.Object, long, java.lang.Object)'> (0x000000008d774088) 
thrown [./src/hotspot/share/interpreter/linkResolver.cpp, line 772]
Event: 2,146 Thread 0x000078a94c0222f0 Exception <a 'java/lang/NoSuchMethodError'{0x000000008d777720}: 'java.lang.Object java.lang.invoke.DirectMethodHandle$Holder.invokeStaticInit(java.lang.Object, long, java.lang.Object)'> (0x000000008d777720) 
thrown [./src/hotspot/share/interpreter/linkResolver.cpp, line 772]
Event: 2,147 Thread 0x000078a94c0222f0 Exception <a 'java/lang/NoSuchMethodError'{0x000000008d77d040}: 'java.lang.Object java.lang.invoke.DirectMethodHandle$Holder.newInvokeSpecial(java.lang.Object, long)'> (0x000000008d77d040) 
thrown [./src/hotspot/share/interpreter/linkResolver.cpp, line 772]
Event: 2,150 Thread 0x000078a94c0222f0 Exception <a 'java/lang/NoSuchMethodError'{0x000000008d7855c8}: 'java.lang.Object java.lang.invoke.DirectMethodHandle$Holder.newInvokeSpecial(java.lang.Object, java.lang.Object, java.lang.Object, int)'> (0x000000008d7855c8) 
thrown [./src/hotspot/share/interpreter/linkResolver.cpp, line 772]
Event: 2,150 Thread 0x000078a94c0222f0 Exception <a 'java/lang/NoSuchMethodError'{0x000000008d7897d0}: 'java.lang.Object java.lang.invoke.DirectMethodHandle$Holder.invokeSpecial(java.lang.Object, java.lang.Object, java.lang.Object, java.lang.Object, int)'> (0x000000008d7897d0) 
thrown [./src/hotspot/share/interpreter/linkResolver.cpp, line 772]
Event: 2,150 Thread 0x000078a94c0222f0 Exception <a 'java/lang/NoSuchMethodError'{0x000000008d78d138}: 'java.lang.Object java.lang.invoke.Invokers$Holder.linkToTargetMethod(java.lang.Object, java.lang.Object, int, java.lang.Object)'> (0x000000008d78d138) 
thrown [./src/hotspot/share/interpreter/linkResolver.cpp, line 772]
Event: 2,154 Thread 0x000078a94c0222f0 Exception <a 'java/lang/NoSuchMethodError'{0x000000008d7983c0}: 'java.lang.Object java.lang.invoke.DirectMethodHandle$Holder.invokeStatic(java.lang.Object, java.lang.Object, int)'> (0x000000008d7983c0) 
thrown [./src/hotspot/share/interpreter/linkResolver.cpp, line 772]
Event: 2,155 Thread 0x000078a94c0222f0 Exception <a 'java/lang/NoSuchMethodError'{0x000000008d79e030}: 'java.lang.Object java.lang.invoke.DirectMethodHandle$Holder.newInvokeSpecial(java.lang.Object, java.lang.Object, int)'> (0x000000008d79e030) 
thrown [./src/hotspot/share/interpreter/linkResolver.cpp, line 772]
Event: 2,194 Thread 0x000078a94c0222f0 Exception <a 'java/lang/NoSuchMethodError'{0x000000008d581010}: 'int java.lang.invoke.DirectMethodHandle$Holder.invokeSpecial(java.lang.Object, java.lang.Object, java.lang.Object)'> (0x000000008d581010) 
thrown [./src/hotspot/share/interpreter/linkResolver.cpp, line 772]

ZGC Phase Switch (0 events):
No events

VM Operations (20 events):
Event: 1,370 Executing VM operation: G1CollectForAllocation (G1 Evacuation Pause)
Event: 1,372 Executing VM operation: G1CollectForAllocation (G1 Evacuation Pause) done
Event: 1,532 Executing VM operation: G1CollectForAllocation (G1 Evacuation Pause)
Event: 1,534 Executing VM operation: G1CollectForAllocation (G1 Evacuation Pause) done
Event: 1,693 Executing VM operation: G1CollectForAllocation (G1 Evacuation Pause)
Event: 1,694 Executing VM operation: G1CollectForAllocation (G1 Evacuation Pause) done
Event: 2,105 Executing VM operation: HandshakeAllThreads (Deoptimize)
Event: 2,106 Executing VM operation: HandshakeAllThreads (Deoptimize) done
Event: 2,133 Executing VM operation: HandshakeAllThreads (Deoptimize)
Event: 2,133 Executing VM operation: HandshakeAllThreads (Deoptimize) done
Event: 2,137 Executing VM operation: HandshakeAllThreads (Deoptimize)
Event: 2,137 Executing VM operation: HandshakeAllThreads (Deoptimize) done
Event: 2,139 Executing VM operation: HandshakeAllThreads (Deoptimize)
Event: 2,139 Executing VM operation: HandshakeAllThreads (Deoptimize) done
Event: 2,151 Executing VM operation: HandshakeAllThreads (Deoptimize)
Event: 2,151 Executing VM operation: HandshakeAllThreads (Deoptimize) done
Event: 2,154 Executing VM operation: HandshakeAllThreads (Deoptimize)
Event: 2,154 Executing VM operation: HandshakeAllThreads (Deoptimize) done
Event: 2,154 Executing VM operation: HandshakeAllThreads (Deoptimize)
Event: 2,154 Executing VM operation: HandshakeAllThreads (Deoptimize) done

Memory protections (12 events):
Event: 0,005 Protecting memory [0x000078a951f00000,0x000078a951f04000] with protection modes 0
Event: 0,038 Protecting memory [0x000078a93047b000,0x000078a93047f000] with protection modes 0
Event: 0,038 Protecting memory [0x000078a93037b000,0x000078a93037f000] with protection modes 0
Event: 0,038 Protecting memory [0x000078a93027b000,0x000078a93027f000] with protection modes 0
Event: 0,038 Protecting memory [0x000078a93017b000,0x000078a93017f000] with protection modes 0
Event: 0,038 Protecting memory [0x000078a93007b000,0x000078a93007f000] with protection modes 0
Event: 0,039 Protecting memory [0x000078a8da900000,0x000078a8da904000] with protection modes 0
Event: 0,039 Protecting memory [0x000078a8da800000,0x000078a8da804000] with protection modes 0
Event: 0,054 Protecting memory [0x000078a8da62f000,0x000078a8da633000] with protection modes 0
Event: 0,058 Protecting memory [0x000078a8da52f000,0x000078a8da533000] with protection modes 0
Event: 0,724 Protecting memory [0x000078a8da32e000,0x000078a8da332000] with protection modes 0
Event: 2,155 Protecting memory [0x000078a8d8666000,0x000078a8d866a000] with protection modes 0

Nmethod flushes (0 events):
No events

Events (12 events):
Event: 0,029 Thread 0x000078a94c0222f0 Thread added: 0x000078a94c0222f0
Event: 0,038 Thread 0x000078a94c0222f0 Thread added: 0x000078a94c15a1d0
Event: 0,038 Thread 0x000078a94c0222f0 Thread added: 0x000078a94c15b730
Event: 0,038 Thread 0x000078a94c0222f0 Thread added: 0x000078a94c15ceb0
Event: 0,038 Thread 0x000078a94c0222f0 Thread added: 0x000078a94c15e4e0
Event: 0,038 Thread 0x000078a94c0222f0 Thread added: 0x000078a94c15fa70
Event: 0,039 Thread 0x000078a94c0222f0 Thread added: 0x000078a94c1615a0
Event: 0,039 Thread 0x000078a94c0222f0 Thread added: 0x000078a94c16ac40
Event: 0,054 Thread 0x000078a94c0222f0 Thread added: 0x000078a94c177d60
Event: 0,058 Thread 0x000078a94c0222f0 Thread added: 0x000078a94c17af90
Event: 0,724 Thread 0x000078a94c0222f0 Thread added: 0x000078a94cb1c200
Event: 2,155 Thread 0x000078a94c0222f0 Thread added: 0x000078a94d28b8c0


Dynamic libraries:
88200000-8fa00000 rw-p 00000000 00:00 0 
8fa00000-ffe00000 ---p 00000000 00:00 0 
ffe00000-fff0d000 rw-p 00cdf000 103:02 23859524                          /usr/lib/jvm/java-21-openjdk-amd64/lib/server/classes.jsa
fff0d000-100000000 rw-p 00000000 00:00 0 
561e5f8c9000-561e5f8ca000 r--p 00000000 103:02 23859371                  /usr/lib/jvm/java-21-openjdk-amd64/bin/java
561e5f8ca000-561e5f8cb000 r-xp 00001000 103:02 23859371                  /usr/lib/jvm/java-21-openjdk-amd64/bin/java
561e5f8cb000-561e5f8cc000 r--p 00002000 103:02 23859371                  /usr/lib/jvm/java-21-openjdk-amd64/bin/java
561e5f8cc000-561e5f8cd000 r--p 00002000 103:02 23859371                  /usr/lib/jvm/java-21-openjdk-amd64/bin/java
561e5f8cd000-561e5f8ce000 rw-p 00003000 103:02 23859371                  /usr/lib/jvm/java-21-openjdk-amd64/bin/java
561e7969a000-561e796e9000 rw-p 00000000 00:00 0                          [heap]
78a77c000000-78a77c021000 rw-p 00000000 00:00 0 
78a77c021000-78a780000000 ---p 00000000 00:00 0 
78a784000000-78a784021000 rw-p 00000000 00:00 0 
78a784021000-78a788000000 ---p 00000000 00:00 0 
78a788000000-78a788021000 rw-p 00000000 00:00 0 
78a788021000-78a78c000000 ---p 00000000 00:00 0 
78a78c000000-78a78c021000 rw-p 00000000 00:00 0 
78a78c021000-78a790000000 ---p 00000000 00:00 0 
78a790000000-78a790021000 rw-p 00000000 00:00 0 
78a790021000-78a794000000 ---p 00000000 00:00 0 
78a794000000-78a794021000 rw-p 00000000 00:00 0 
78a794021000-78a798000000 ---p 00000000 00:00 0 
78a79c000000-78a79c021000 rw-p 00000000 00:00 0 
78a79c021000-78a7a0000000 ---p 00000000 00:00 0 
78a7a4000000-78a7a4021000 rw-p 00000000 00:00 0 
78a7a4021000-78a7a8000000 ---p 00000000 00:00 0 
78a7aabff000-78a7aac00000 ---p 00000000 00:00 0 
78a7aac00000-78a7ab400000 rw-p 00000000 00:00 0 
78a7ac000000-78a7ac021000 rw-p 00000000 00:00 0 
78a7ac021000-78a7b0000000 ---p 00000000 00:00 0 
78a7b4000000-78a7b4021000 rw-p 00000000 00:00 0 
78a7b4021000-78a7b8000000 ---p 00000000 00:00 0 
78a7bc000000-78a7bc021000 rw-p 00000000 00:00 0 
78a7bc021000-78a7c0000000 ---p 00000000 00:00 0 
78a7c2200000-78a7c2201000 r--p 00000000 103:02 23490256                  /usr/lib/x86_64-linux-gnu/libicudata.so.70.1
78a7c2201000-78a7c2202000 r-xp 00001000 103:02 23490256                  /usr/lib/x86_64-linux-gnu/libicudata.so.70.1
78a7c2202000-78a7c3e1c000 r--p 00002000 103:02 23490256                  /usr/lib/x86_64-linux-gnu/libicudata.so.70.1
78a7c3e1c000-78a7c3e1d000 r--p 01c1b000 103:02 23490256                  /usr/lib/x86_64-linux-gnu/libicudata.so.70.1
78a7c3e1d000-78a7c3e1e000 rw-p 01c1c000 103:02 23490256                  /usr/lib/x86_64-linux-gnu/libicudata.so.70.1
78a7c4000000-78a7c4021000 rw-p 00000000 00:00 0 
78a7c4021000-78a7c8000000 ---p 00000000 00:00 0 
78a7c9005000-78a7c906b000 r--p 00000000 103:02 23490266                  /usr/lib/x86_64-linux-gnu/libicuuc.so.70.1
78a7c906b000-78a7c915e000 r-xp 00066000 103:02 23490266                  /usr/lib/x86_64-linux-gnu/libicuuc.so.70.1
78a7c915e000-78a7c91ea000 r--p 00159000 103:02 23490266                  /usr/lib/x86_64-linux-gnu/libicuuc.so.70.1
78a7c91ea000-78a7c91fd000 r--p 001e4000 103:02 23490266                  /usr/lib/x86_64-linux-gnu/libicuuc.so.70.1
78a7c91fd000-78a7c91fe000 rw-p 001f7000 103:02 23490266                  /usr/lib/x86_64-linux-gnu/libicuuc.so.70.1
78a7c91fe000-78a7c9200000 rw-p 00000000 00:00 0 
78a7c9200000-78a7c9228000 r--p 00000000 103:02 23467772                  /usr/lib/x86_64-linux-gnu/liblept.so.5.0.4
78a7c9228000-78a7c9406000 r-xp 00028000 103:02 23467772                  /usr/lib/x86_64-linux-gnu/liblept.so.5.0.4
78a7c9406000-78a7c94a4000 r--p 00206000 103:02 23467772                  /usr/lib/x86_64-linux-gnu/liblept.so.5.0.4
78a7c94a4000-78a7c94a5000 r--p 002a4000 103:02 23467772                  /usr/lib/x86_64-linux-gnu/liblept.so.5.0.4
78a7c94a5000-78a7c94ab000 rw-p 002a5000 103:02 23467772                  /usr/lib/x86_64-linux-gnu/liblept.so.5.0.4
78a7c9600000-78a7c9665000 r--p 00000000 103:02 23467774                  /usr/lib/x86_64-linux-gnu/libtesseract.so.4.0.1
78a7c9665000-78a7c984e000 r-xp 00065000 103:02 23467774                  /usr/lib/x86_64-linux-gnu/libtesseract.so.4.0.1
78a7c984e000-78a7c9901000 r--p 0024e000 103:02 23467774                  /usr/lib/x86_64-linux-gnu/libtesseract.so.4.0.1
78a7c9901000-78a7c9906000 r--p 00300000 103:02 23467774                  /usr/lib/x86_64-linux-gnu/libtesseract.so.4.0.1
78a7c9906000-78a7c9907000 rw-p 00305000 103:02 23467774                  /usr/lib/x86_64-linux-gnu/libtesseract.so.4.0.1
78a7c9907000-78a7c990a000 rw-p 00000000 00:00 0 
78a7c9a00000-78a7c9a1e000 r-xp 00000000 103:02 24904562                  /home/apolo/.cache/JNA/temp/jna6748022909441730770.tmp (deleted)
78a7c9a1e000-78a7c9c1d000 ---p 0001e000 103:02 24904562                  /home/apolo/.cache/JNA/temp/jna6748022909441730770.tmp (deleted)
78a7c9c1d000-78a7c9c1e000 rw-p 0001d000 103:02 24904562                  /home/apolo/.cache/JNA/temp/jna6748022909441730770.tmp (deleted)
78a7c9c1e000-78a7c9c1f000 rw-p 00000000 00:00 0 
78a7c9df6000-78a7c9df7000 ---p 00000000 00:00 0 
78a7c9df7000-78a7ca5f7000 rw-p 00000000 00:00 0 
78a7ca5f7000-78a7ca5f8000 ---p 00000000 00:00 0 
78a7ca5f8000-78a7cadf8000 rw-p 00000000 00:00 0 
78a7cadf8000-78a7cadf9000 ---p 00000000 00:00 0 
78a7cadf9000-78a7cb5f9000 rw-p 00000000 00:00 0 
78a7cb5f9000-78a7cb5fa000 ---p 00000000 00:00 0 
78a7cb5fa000-78a7cbdfa000 rw-p 00000000 00:00 0 
78a7cbdfa000-78a7cbdfb000 ---p 00000000 00:00 0 
78a7cbdfb000-78a7cc5fb000 rw-p 00000000 00:00 0 
78a7cc5fb000-78a7cc5fc000 ---p 00000000 00:00 0 
78a7cc5fc000-78a7ccdfc000 rw-p 00000000 00:00 0 
78a7ccdfc000-78a7ccdfd000 ---p 00000000 00:00 0 
78a7ccdfd000-78a7cd5fd000 rw-p 00000000 00:00 0 
78a7cd5fd000-78a7cd5fe000 ---p 00000000 00:00 0 
78a7cd5fe000-78a7cddfe000 rw-p 00000000 00:00 0 
78a7cddfe000-78a7cddff000 ---p 00000000 00:00 0 
78a7cddff000-78a7ce5ff000 rw-p 00000000 00:00 0 
78a7ce5ff000-78a7ce600000 ---p 00000000 00:00 0 
78a7ce600000-78a7cee00000 rw-p 00000000 00:00 0 
78a7cee00000-78a7cee20000 r--p 00000000 103:02 25714530                  /home/apolo/.javacpp/cache/opencv-4.11.0-1.5.12-linux-x86_64.jar/org/bytedeco/opencv/linux-x86_64/libopencv_imgcodecs.so.411
78a7cee20000-78a7cf097000 r-xp 00020000 103:02 25714530                  /home/apolo/.javacpp/cache/opencv-4.11.0-1.5.12-linux-x86_64.jar/org/bytedeco/opencv/linux-x86_64/libopencv_imgcodecs.so.411
78a7cf097000-78a7cf1b1000 r--p 00297000 103:02 25714530                  /home/apolo/.javacpp/cache/opencv-4.11.0-1.5.12-linux-x86_64.jar/org/bytedeco/opencv/linux-x86_64/libopencv_imgcodecs.so.411
78a7cf1b1000-78a7cf1bc000 r--p 003b0000 103:02 25714530                  /home/apolo/.javacpp/cache/opencv-4.11.0-1.5.12-linux-x86_64.jar/org/bytedeco/opencv/linux-x86_64/libopencv_imgcodecs.so.411
78a7cf1bc000-78a7cf1c0000 rw-p 003bb000 103:02 25714530                  /home/apolo/.javacpp/cache/opencv-4.11.0-1.5.12-linux-x86_64.jar/org/bytedeco/opencv/linux-x86_64/libopencv_imgcodecs.so.411
78a7cf1c0000-78a7cf22a000 rw-p 00000000 00:00 0 
78a7cf400000-78a7cf46f000 r--p 00000000 103:02 25714526                  /home/apolo/.javacpp/cache/opencv-4.11.0-1.5.12-linux-x86_64.jar/org/bytedeco/opencv/linux-x86_64/libopencv_imgproc.so.411
78a7cf46f000-78a7cf91c000 r-xp 0006f000 103:02 25714526                  /home/apolo/.javacpp/cache/opencv-4.11.0-1.5.12-linux-x86_64.jar/org/bytedeco/opencv/linux-x86_64/libopencv_imgproc.so.411
78a7cf91c000-78a7cfa3c000 r--p 0051c000 103:02 25714526                  /home/apolo/.javacpp/cache/opencv-4.11.0-1.5.12-linux-x86_64.jar/org/bytedeco/opencv/linux-x86_64/libopencv_imgproc.so.411
78a7cfa3c000-78a7cfa59000 r--p 0063b000 103:02 25714526                  /home/apolo/.javacpp/cache/opencv-4.11.0-1.5.12-linux-x86_64.jar/org/bytedeco/opencv/linux-x86_64/libopencv_imgproc.so.411
78a7cfa59000-78a7cfa62000 rw-p 00658000 103:02 25714526                  /home/apolo/.javacpp/cache/opencv-4.11.0-1.5.12-linux-x86_64.jar/org/bytedeco/opencv/linux-x86_64/libopencv_imgproc.so.411
78a7cfa62000-78a7cfb02000 rw-p 00000000 00:00 0 
78a7cfc00000-78a7cffea000 r--p 00000000 103:02 25714514                  /home/apolo/.javacpp/cache/openblas-0.3.30-1.5.12-linux-x86_64.jar/org/bytedeco/openblas/linux-x86_64/libjniopenblas.so
78a7cffea000-78a7d10fc000 r-xp 003ea000 103:02 25714514                  /home/apolo/.javacpp/cache/openblas-0.3.30-1.5.12-linux-x86_64.jar/org/bytedeco/openblas/linux-x86_64/libjniopenblas.so
78a7d10fc000-78a7d12a7000 r--p 014fc000 103:02 25714514                  /home/apolo/.javacpp/cache/openblas-0.3.30-1.5.12-linux-x86_64.jar/org/bytedeco/openblas/linux-x86_64/libjniopenblas.so
78a7d12a7000-78a7d12a8000 r--p 016a6000 103:02 25714514                  /home/apolo/.javacpp/cache/openblas-0.3.30-1.5.12-linux-x86_64.jar/org/bytedeco/openblas/linux-x86_64/libjniopenblas.so
78a7d12a8000-78a7d12b0000 rw-p 016a7000 103:02 25714514                  /home/apolo/.javacpp/cache/openblas-0.3.30-1.5.12-linux-x86_64.jar/org/bytedeco/openblas/linux-x86_64/libjniopenblas.so
78a7d12b0000-78a7d12b1000 rw-p 00000000 00:00 0 
78a7d13f7000-78a7d13f8000 ---p 00000000 00:00 0 
78a7d13f8000-78a7d1bf8000 rw-p 00000000 00:00 0 
78a7d1bf8000-78a7d1bf9000 ---p 00000000 00:00 0 
78a7d1bf9000-78a7d23f9000 rw-p 00000000 00:00 0 
78a7d23f9000-78a7d23fa000 ---p 00000000 00:00 0 
78a7d23fa000-78a7d2bfa000 rw-p 00000000 00:00 0 
78a7d2bfa000-78a7d2bfb000 ---p 00000000 00:00 0 
78a7d2bfb000-78a7d33fb000 rw-p 00000000 00:00 0 
78a7d33fb000-78a7d33fc000 ---p 00000000 00:00 0 
78a7d33fc000-78a7d3bfc000 rw-p 00000000 00:00 0 
78a7d3bfc000-78a7d3bfd000 ---p 00000000 00:00 0 
78a7d3bfd000-78a7d43fd000 rw-p 00000000 00:00 0 
78a7d43fd000-78a7d43fe000 ---p 00000000 00:00 0 
78a7d43fe000-78a7d4bfe000 rw-p 00000000 00:00 0 
78a7d4bfe000-78a7d4bff000 ---p 00000000 00:00 0 
78a7d4bff000-78a7d53ff000 rw-p 00000000 00:00 0 
78a7d53ff000-78a7d5400000 ---p 00000000 00:00 0 
78a7d5400000-78a7d5c00000 rw-p 00000000 00:00 0 
78a7d5c00000-78a835c00000 rw-p 00000000 00:00 0 
78a835c30000-78a835d8f000 r--p 00000000 103:02 25714512                  /home/apolo/.javacpp/cache/openblas-0.3.30-1.5.12-linux-x86_64.jar/org/bytedeco/openblas/linux-x86_64/libopenblas.so.0
78a835d8f000-78a837d74000 r-xp 0015f000 103:02 25714512                  /home/apolo/.javacpp/cache/openblas-0.3.30-1.5.12-linux-x86_64.jar/org/bytedeco/openblas/linux-x86_64/libopenblas.so.0
78a837d74000-78a837fc6000 r--p 02144000 103:02 25714512                  /home/apolo/.javacpp/cache/openblas-0.3.30-1.5.12-linux-x86_64.jar/org/bytedeco/openblas/linux-x86_64/libopenblas.so.0
78a837fc6000-78a837fce000 r--p 02395000 103:02 25714512                  /home/apolo/.javacpp/cache/openblas-0.3.30-1.5.12-linux-x86_64.jar/org/bytedeco/openblas/linux-x86_64/libopenblas.so.0
78a837fce000-78a837fee000 rw-p 0239d000 103:02 25714512                  /home/apolo/.javacpp/cache/openblas-0.3.30-1.5.12-linux-x86_64.jar/org/bytedeco/openblas/linux-x86_64/libopenblas.so.0
78a837fee000-78a837fff000 rw-p 00000000 00:00 0 
78a838000000-78a838021000 rw-p 00000000 00:00 0 
78a838021000-78a83c000000 ---p 00000000 00:00 0 
78a83c054000-78a83c055000 r--p 00000000 103:02 23489849                  /usr/lib/x86_64-linux-gnu/libdeflate.so.0
78a83c055000-78a83c071000 r-xp 00001000 103:02 23489849                  /usr/lib/x86_64-linux-gnu/libdeflate.so.0
78a83c071000-78a83c075000 r--p 0001d000 103:02 23489849                  /usr/lib/x86_64-linux-gnu/libdeflate.so.0
78a83c075000-78a83c076000 ---p 00021000 103:02 23489849                  /usr/lib/x86_64-linux-gnu/libdeflate.so.0
78a83c076000-78a83c077000 r--p 00021000 103:02 23489849                  /usr/lib/x86_64-linux-gnu/libdeflate.so.0
78a83c077000-78a83c078000 rw-p 00022000 103:02 23489849                  /usr/lib/x86_64-linux-gnu/libdeflate.so.0
78a83c078000-78a83c07a000 r--p 00000000 103:02 23490313                  /usr/lib/x86_64-linux-gnu/libjbig.so.0
78a83c07a000-78a83c083000 r-xp 00002000 103:02 23490313                  /usr/lib/x86_64-linux-gnu/libjbig.so.0
78a83c083000-78a83c085000 r--p 0000b000 103:02 23490313                  /usr/lib/x86_64-linux-gnu/libjbig.so.0
78a83c085000-78a83c086000 r--p 0000c000 103:02 23490313                  /usr/lib/x86_64-linux-gnu/libjbig.so.0
78a83c086000-78a83c089000 rw-p 0000d000 103:02 23490313                  /usr/lib/x86_64-linux-gnu/libjbig.so.0
78a83c089000-78a83c08b000 r--p 00000000 103:02 23490955                  /usr/lib/x86_64-linux-gnu/libwebp.so.7.1.3
78a83c08b000-78a83c0e1000 r-xp 00002000 103:02 23490955                  /usr/lib/x86_64-linux-gnu/libwebp.so.7.1.3
78a83c0e1000-78a83c0f2000 r--p 00058000 103:02 23490955                  /usr/lib/x86_64-linux-gnu/libwebp.so.7.1.3
78a83c0f2000-78a83c0f3000 r--p 00068000 103:02 23490955                  /usr/lib/x86_64-linux-gnu/libwebp.so.7.1.3
78a83c0f3000-78a83c0f4000 rw-p 00069000 103:02 23490955                  /usr/lib/x86_64-linux-gnu/libwebp.so.7.1.3
78a83c0f4000-78a83c0f6000 rw-p 00000000 00:00 0 
78a83c0f6000-78a83c0ff000 r--p 00000000 103:02 23486632                  /usr/lib/x86_64-linux-gnu/libtiff.so.5.7.0
78a83c0ff000-78a83c148000 r-xp 00009000 103:02 23486632                  /usr/lib/x86_64-linux-gnu/libtiff.so.5.7.0
78a83c148000-78a83c179000 r--p 00052000 103:02 23486632                  /usr/lib/x86_64-linux-gnu/libtiff.so.5.7.0
78a83c179000-78a83c17e000 r--p 00082000 103:02 23486632                  /usr/lib/x86_64-linux-gnu/libtiff.so.5.7.0
78a83c17e000-78a83c17f000 rw-p 00087000 103:02 23486632                  /usr/lib/x86_64-linux-gnu/libtiff.so.5.7.0
78a83c17f000-78a83c183000 r--p 00000000 103:02 23490319                  /usr/lib/x86_64-linux-gnu/libjpeg.so.8.2.2
78a83c183000-78a83c1cc000 r-xp 00004000 103:02 23490319                  /usr/lib/x86_64-linux-gnu/libjpeg.so.8.2.2
78a83c1cc000-78a83c1fe000 r--p 0004d000 103:02 23490319                  /usr/lib/x86_64-linux-gnu/libjpeg.so.8.2.2
78a83c1fe000-78a83c1ff000 r--p 0007e000 103:02 23490319                  /usr/lib/x86_64-linux-gnu/libjpeg.so.8.2.2
78a83c1ff000-78a83c200000 rw-p 0007f000 103:02 23490319                  /usr/lib/x86_64-linux-gnu/libjpeg.so.8.2.2
78a83c200000-78a83c2d4000 r--p 00000000 103:02 25714528                  /home/apolo/.javacpp/cache/opencv-4.11.0-1.5.12-linux-x86_64.jar/org/bytedeco/opencv/linux-x86_64/libjniopencv_core.so
78a83c2d4000-78a83c50f000 r-xp 000d4000 103:02 25714528                  /home/apolo/.javacpp/cache/opencv-4.11.0-1.5.12-linux-x86_64.jar/org/bytedeco/opencv/linux-x86_64/libjniopencv_core.so
78a83c50f000-78a83c5f8000 r--p 0030f000 103:02 25714528                  /home/apolo/.javacpp/cache/opencv-4.11.0-1.5.12-linux-x86_64.jar/org/bytedeco/opencv/linux-x86_64/libjniopencv_core.so
78a83c5f8000-78a83c605000 r--p 003f7000 103:02 25714528                  /home/apolo/.javacpp/cache/opencv-4.11.0-1.5.12-linux-x86_64.jar/org/bytedeco/opencv/linux-x86_64/libjniopencv_core.so
78a83c605000-78a83c608000 rw-p 00404000 103:02 25714528                  /home/apolo/.javacpp/cache/opencv-4.11.0-1.5.12-linux-x86_64.jar/org/bytedeco/opencv/linux-x86_64/libjniopencv_core.so
78a83c608000-78a83c609000 rw-p 00000000 00:00 0 
78a83c617000-78a83c646000 r--p 00000000 103:02 23462120                  /usr/lib/x86_64-linux-gnu/libxml2.so.2.9.13
78a83c646000-78a83c799000 r-xp 0002f000 103:02 23462120                  /usr/lib/x86_64-linux-gnu/libxml2.so.2.9.13
78a83c799000-78a83c7ed000 r--p 00182000 103:02 23462120                  /usr/lib/x86_64-linux-gnu/libxml2.so.2.9.13
78a83c7ed000-78a83c7ee000 ---p 001d6000 103:02 23462120                  /usr/lib/x86_64-linux-gnu/libxml2.so.2.9.13
78a83c7ee000-78a83c7f7000 r--p 001d6000 103:02 23462120                  /usr/lib/x86_64-linux-gnu/libxml2.so.2.9.13
78a83c7f7000-78a83c7f8000 rw-p 001df000 103:02 23462120                  /usr/lib/x86_64-linux-gnu/libxml2.so.2.9.13
78a83c7f8000-78a83c7f9000 rw-p 00000000 00:00 0 
78a83c7f9000-78a83c7fa000 ---p 00000000 00:00 0 
78a83c7fa000-78a83cffa000 rw-p 00000000 00:00 0 
78a83cffa000-78a83cffb000 ---p 00000000 00:00 0 
78a83cffb000-78a83d7fb000 rw-p 00000000 00:00 0 
78a83d7fb000-78a83d7fc000 ---p 00000000 00:00 0 
78a83d7fc000-78a83dffc000 rw-p 00000000 00:00 0 
78a83dffc000-78a83dffd000 ---p 00000000 00:00 0 
78a83dffd000-78a83e7fd000 rw-p 00000000 00:00 0 
78a83e7fd000-78a83e7fe000 ---p 00000000 00:00 0 
78a83e7fe000-78a83effe000 rw-p 00000000 00:00 0 
78a83effe000-78a83efff000 ---p 00000000 00:00 0 
78a83efff000-78a83f7ff000 rw-p 00000000 00:00 0 
78a83f7ff000-78a83f800000 ---p 00000000 00:00 0 
78a83f800000-78a840000000 rw-p 00000000 00:00 0 
78a840000000-78a8a0000000 rw-p 00000000 00:00 0 
78a8a0000000-78a8a0021000 rw-p 00000000 00:00 0 
78a8a0021000-78a8a4000000 ---p 00000000 00:00 0 
78a8a4005000-78a8a4008000 r--p 00000000 103:02 23486627                  /usr/lib/x86_64-linux-gnu/libopenjp2.so.2.4.0
78a8a4008000-78a8a404b000 r-xp 00003000 103:02 23486627                  /usr/lib/x86_64-linux-gnu/libopenjp2.so.2.4.0
78a8a404b000-78a8a405a000 r--p 00046000 103:02 23486627                  /usr/lib/x86_64-linux-gnu/libopenjp2.so.2.4.0
78a8a405a000-78a8a405b000 ---p 00055000 103:02 23486627                  /usr/lib/x86_64-linux-gnu/libopenjp2.so.2.4.0
78a8a405b000-78a8a405c000 r--p 00055000 103:02 23486627                  /usr/lib/x86_64-linux-gnu/libopenjp2.so.2.4.0
78a8a405c000-78a8a405d000 rw-p 00056000 103:02 23486627                  /usr/lib/x86_64-linux-gnu/libopenjp2.so.2.4.0
78a8a405d000-78a8a405f000 r--p 00000000 103:02 23490959                  /usr/lib/x86_64-linux-gnu/libwebpmux.so.3.0.8
78a8a405f000-78a8a4066000 r-xp 00002000 103:02 23490959                  /usr/lib/x86_64-linux-gnu/libwebpmux.so.3.0.8
78a8a4066000-78a8a4068000 r--p 00009000 103:02 23490959                  /usr/lib/x86_64-linux-gnu/libwebpmux.so.3.0.8
78a8a4068000-78a8a4069000 r--p 0000a000 103:02 23490959                  /usr/lib/x86_64-linux-gnu/libwebpmux.so.3.0.8
78a8a4069000-78a8a406a000 rw-p 0000b000 103:02 23490959                  /usr/lib/x86_64-linux-gnu/libwebpmux.so.3.0.8
78a8a406a000-78a8a406c000 r--p 00000000 103:02 23490060                  /usr/lib/x86_64-linux-gnu/libgif.so.7.1.0
78a8a406c000-78a8a4071000 r-xp 00002000 103:02 23490060                  /usr/lib/x86_64-linux-gnu/libgif.so.7.1.0
78a8a4071000-78a8a4073000 r--p 00007000 103:02 23490060                  /usr/lib/x86_64-linux-gnu/libgif.so.7.1.0
78a8a4073000-78a8a4074000 r--p 00008000 103:02 23490060                  /usr/lib/x86_64-linux-gnu/libgif.so.7.1.0
78a8a4074000-78a8a4075000 rw-p 00009000 103:02 23490060                  /usr/lib/x86_64-linux-gnu/libgif.so.7.1.0
78a8a4075000-78a8a407a000 r--p 00000000 103:02 23490612                  /usr/lib/x86_64-linux-gnu/libpng16.so.16.37.0
78a8a407a000-78a8a40a3000 r-xp 00005000 103:02 23490612                  /usr/lib/x86_64-linux-gnu/libpng16.so.16.37.0
78a8a40a3000-78a8a40ae000 r--p 0002e000 103:02 23490612                  /usr/lib/x86_64-linux-gnu/libpng16.so.16.37.0
78a8a40ae000-78a8a40af000 r--p 00038000 103:02 23490612                  /usr/lib/x86_64-linux-gnu/libpng16.so.16.37.0
78a8a40af000-78a8a40b0000 rw-p 00039000 103:02 23490612                  /usr/lib/x86_64-linux-gnu/libpng16.so.16.37.0
78a8a40b0000-78a8a40b2000 r--p 00000000 103:02 23489719                  /usr/lib/x86_64-linux-gnu/libbz2.so.1.0.4
78a8a40b2000-78a8a40bf000 r-xp 00002000 103:02 23489719                  /usr/lib/x86_64-linux-gnu/libbz2.so.1.0.4
78a8a40bf000-78a8a40c1000 r--p 0000f000 103:02 23489719                  /usr/lib/x86_64-linux-gnu/libbz2.so.1.0.4
78a8a40c1000-78a8a40c2000 r--p 00010000 103:02 23489719                  /usr/lib/x86_64-linux-gnu/libbz2.so.1.0.4
78a8a40c2000-78a8a40c3000 rw-p 00011000 103:02 23489719                  /usr/lib/x86_64-linux-gnu/libbz2.so.1.0.4
78a8a40c3000-78a8a40c5000 r--p 00000000 103:02 23490364                  /usr/lib/x86_64-linux-gnu/liblz4.so.1.9.3
78a8a40c5000-78a8a40de000 r-xp 00002000 103:02 23490364                  /usr/lib/x86_64-linux-gnu/liblz4.so.1.9.3
78a8a40de000-78a8a40e0000 r--p 0001b000 103:02 23490364                  /usr/lib/x86_64-linux-gnu/liblz4.so.1.9.3
78a8a40e0000-78a8a40e1000 ---p 0001d000 103:02 23490364                  /usr/lib/x86_64-linux-gnu/liblz4.so.1.9.3
78a8a40e1000-78a8a40e2000 r--p 0001d000 103:02 23490364                  /usr/lib/x86_64-linux-gnu/liblz4.so.1.9.3
78a8a40e2000-78a8a40e3000 rw-p 0001e000 103:02 23490364                  /usr/lib/x86_64-linux-gnu/liblz4.so.1.9.3
78a8a40e3000-78a8a40ed000 r--p 00000000 103:02 23491068                  /usr/lib/x86_64-linux-gnu/libzstd.so.1.4.8
78a8a40ed000-78a8a419f000 r-xp 0000a000 103:02 23491068                  /usr/lib/x86_64-linux-gnu/libzstd.so.1.4.8
78a8a419f000-78a8a41b0000 r--p 000bc000 103:02 23491068                  /usr/lib/x86_64-linux-gnu/libzstd.so.1.4.8
78a8a41b0000-78a8a41b1000 r--p 000cc000 103:02 23491068                  /usr/lib/x86_64-linux-gnu/libzstd.so.1.4.8
78a8a41b1000-78a8a41b2000 rw-p 000cd000 103:02 23491068                  /usr/lib/x86_64-linux-gnu/libzstd.so.1.4.8
78a8a41b2000-78a8a41b5000 r--p 00000000 103:02 23490366                  /usr/lib/x86_64-linux-gnu/liblzma.so.5.2.5
78a8a41b5000-78a8a41d0000 r-xp 00003000 103:02 23490366                  /usr/lib/x86_64-linux-gnu/liblzma.so.5.2.5
78a8a41d0000-78a8a41db000 r--p 0001e000 103:02 23490366                  /usr/lib/x86_64-linux-gnu/liblzma.so.5.2.5
78a8a41db000-78a8a41dc000 r--p 00028000 103:02 23490366                  /usr/lib/x86_64-linux-gnu/liblzma.so.5.2.5
78a8a41dc000-78a8a41dd000 rw-p 00029000 103:02 23490366                  /usr/lib/x86_64-linux-gnu/liblzma.so.5.2.5
78a8a41dd000-78a8a41e7000 r--p 00000000 103:02 23490454                  /usr/lib/x86_64-linux-gnu/libnettle.so.8.4
78a8a41e7000-78a8a420a000 r-xp 0000a000 103:02 23490454                  /usr/lib/x86_64-linux-gnu/libnettle.so.8.4
78a8a420a000-78a8a4220000 r--p 0002d000 103:02 23490454                  /usr/lib/x86_64-linux-gnu/libnettle.so.8.4
78a8a4220000-78a8a4222000 r--p 00042000 103:02 23490454                  /usr/lib/x86_64-linux-gnu/libnettle.so.8.4
78a8a4222000-78a8a4223000 rw-p 00044000 103:02 23490454                  /usr/lib/x86_64-linux-gnu/libnettle.so.8.4
78a8a4223000-78a8a4235000 r--p 00000000 103:02 23487652                  /usr/lib/x86_64-linux-gnu/libarchive.so.13.6.0
78a8a4235000-78a8a42bf000 r-xp 00012000 103:02 23487652                  /usr/lib/x86_64-linux-gnu/libarchive.so.13.6.0
78a8a42bf000-78a8a42e8000 r--p 0009c000 103:02 23487652                  /usr/lib/x86_64-linux-gnu/libarchive.so.13.6.0
78a8a42e8000-78a8a42ec000 r--p 000c4000 103:02 23487652                  /usr/lib/x86_64-linux-gnu/libarchive.so.13.6.0
78a8a42ec000-78a8a42ed000 rw-p 000c8000 103:02 23487652                  /usr/lib/x86_64-linux-gnu/libarchive.so.13.6.0
78a8a42ed000-78a8a4306000 r--p 00000000 103:02 23489421                  /usr/lib/x86_64-linux-gnu/libX11.so.6.4.0
78a8a4306000-78a8a4392000 r-xp 00019000 103:02 23489421                  /usr/lib/x86_64-linux-gnu/libX11.so.6.4.0
78a8a4392000-78a8a4427000 r--p 000a5000 103:02 23489421                  /usr/lib/x86_64-linux-gnu/libX11.so.6.4.0
78a8a4427000-78a8a4428000 ---p 0013a000 103:02 23489421                  /usr/lib/x86_64-linux-gnu/libX11.so.6.4.0
78a8a4428000-78a8a4429000 r--p 0013a000 103:02 23489421                  /usr/lib/x86_64-linux-gnu/libX11.so.6.4.0
78a8a4429000-78a8a442d000 rw-p 0013b000 103:02 23489421                  /usr/lib/x86_64-linux-gnu/libX11.so.6.4.0
78a8a442d000-78a8a442e000 ---p 00000000 00:00 0 
78a8a442e000-78a8a4c2e000 rw-p 00000000 00:00 0 
78a8a4c2e000-78a8a4c2f000 ---p 00000000 00:00 0 
78a8a4c2f000-78a8a542f000 rw-p 00000000 00:00 0 
78a8a542f000-78a8a5430000 ---p 00000000 00:00 0 
78a8a5430000-78a8a5c30000 rw-p 00000000 00:00 0 
78a8a5c30000-78a8a5d8f000 r--p 00000000 103:02 25714503                  /home/apolo/.javacpp/cache/openblas-0.3.30-1.5.12-linux-x86_64.jar/org/bytedeco/openblas/linux-x86_64/libopenblas_nolapack.so.0
78a8a5d8f000-78a8a7d74000 r-xp 0015f000 103:02 25714503                  /home/apolo/.javacpp/cache/openblas-0.3.30-1.5.12-linux-x86_64.jar/org/bytedeco/openblas/linux-x86_64/libopenblas_nolapack.so.0
78a8a7d74000-78a8a7fc6000 r--p 02144000 103:02 25714503                  /home/apolo/.javacpp/cache/openblas-0.3.30-1.5.12-linux-x86_64.jar/org/bytedeco/openblas/linux-x86_64/libopenblas_nolapack.so.0
78a8a7fc6000-78a8a7fce000 r--p 02395000 103:02 25714503                  /home/apolo/.javacpp/cache/openblas-0.3.30-1.5.12-linux-x86_64.jar/org/bytedeco/openblas/linux-x86_64/libopenblas_nolapack.so.0
78a8a7fce000-78a8a7fee000 rw-p 0239d000 103:02 25714503                  /home/apolo/.javacpp/cache/openblas-0.3.30-1.5.12-linux-x86_64.jar/org/bytedeco/openblas/linux-x86_64/libopenblas_nolapack.so.0
78a8a7fee000-78a8a7fff000 rw-p 00000000 00:00 0 
78a8a8000000-78a8a8021000 rw-p 00000000 00:00 0 
78a8a8021000-78a8ac000000 ---p 00000000 00:00 0 
78a8ac000000-78a8ac021000 rw-p 00000000 00:00 0 
78a8ac021000-78a8b0000000 ---p 00000000 00:00 0 
78a8b0000000-78a8b05f8000 rw-p 00000000 00:00 0 
78a8b05f8000-78a8b4000000 ---p 00000000 00:00 0 
78a8b4000000-78a8b43f6000 rw-p 00000000 00:00 0 
78a8b43f6000-78a8b8000000 ---p 00000000 00:00 0 
78a8b8000000-78a8b8021000 rw-p 00000000 00:00 0 
78a8b8021000-78a8bc000000 ---p 00000000 00:00 0 
78a8bc000000-78a8bc021000 rw-p 00000000 00:00 0 
78a8bc021000-78a8c0000000 ---p 00000000 00:00 0 
78a8c0000000-78a8c0021000 rw-p 00000000 00:00 0 
78a8c0021000-78a8c4000000 ---p 00000000 00:00 0 
78a8c4000000-78a8c4021000 rw-p 00000000 00:00 0 
78a8c4021000-78a8c8000000 ---p 00000000 00:00 0 
78a8c8000000-78a8c8021000 rw-p 00000000 00:00 0 
78a8c8021000-78a8cc000000 ---p 00000000 00:00 0 
78a8cc000000-78a8cc021000 rw-p 00000000 00:00 0 
78a8cc021000-78a8d0000000 ---p 00000000 00:00 0 
78a8d0000000-78a8d0360000 rw-p 00000000 00:00 0 
78a8d0360000-78a8d0400000 ---p 00000000 00:00 0 
78a8d0400000-78a8d0bc0000 rw-p 00000000 00:00 0 
78a8d0bc0000-78a8d4000000 ---p 00000000 00:00 0 
78a8d4000000-78a8d4021000 rw-p 00000000 00:00 0 
78a8d4021000-78a8d8000000 ---p 00000000 00:00 0 
78a8d8005000-78a8d800f000 r--p 00000000 103:02 23464030                  /usr/lib/x86_64-linux-gnu/libgomp.so.1.0.0
78a8d800f000-78a8d8040000 r-xp 0000a000 103:02 23464030                  /usr/lib/x86_64-linux-gnu/libgomp.so.1.0.0
78a8d8040000-78a8d804d000 r--p 0003b000 103:02 23464030                  /usr/lib/x86_64-linux-gnu/libgomp.so.1.0.0
78a8d804d000-78a8d804e000 r--p 00047000 103:02 23464030                  /usr/lib/x86_64-linux-gnu/libgomp.so.1.0.0
78a8d804e000-78a8d804f000 rw-p 00048000 103:02 23464030                  /usr/lib/x86_64-linux-gnu/libgomp.so.1.0.0
78a8d804f000-78a8d80a7000 r--p 00000000 103:02 25714529                  /home/apolo/.javacpp/cache/opencv-4.11.0-1.5.12-linux-x86_64.jar/org/bytedeco/opencv/linux-x86_64/libjniopencv_imgproc.so
78a8d80a7000-78a8d81a9000 r-xp 00058000 103:02 25714529                  /home/apolo/.javacpp/cache/opencv-4.11.0-1.5.12-linux-x86_64.jar/org/bytedeco/opencv/linux-x86_64/libjniopencv_imgproc.so
78a8d81a9000-78a8d81fc000 r--p 0015a000 103:02 25714529                  /home/apolo/.javacpp/cache/opencv-4.11.0-1.5.12-linux-x86_64.jar/org/bytedeco/opencv/linux-x86_64/libjniopencv_imgproc.so
78a8d81fc000-78a8d81ff000 r--p 001ac000 103:02 25714529                  /home/apolo/.javacpp/cache/opencv-4.11.0-1.5.12-linux-x86_64.jar/org/bytedeco/opencv/linux-x86_64/libjniopencv_imgproc.so
78a8d81ff000-78a8d8200000 rw-p 001af000 103:02 25714529                  /home/apolo/.javacpp/cache/opencv-4.11.0-1.5.12-linux-x86_64.jar/org/bytedeco/opencv/linux-x86_64/libjniopencv_imgproc.so
78a8d8200000-78a8d825b000 r--p 00000000 103:02 25714520                  /home/apolo/.javacpp/cache/opencv-4.11.0-1.5.12-linux-x86_64.jar/org/bytedeco/opencv/linux-x86_64/libopencv_core.so.411
78a8d825b000-78a8d8571000 r-xp 0005b000 103:02 25714520                  /home/apolo/.javacpp/cache/opencv-4.11.0-1.5.12-linux-x86_64.jar/org/bytedeco/opencv/linux-x86_64/libopencv_core.so.411
78a8d8571000-78a8d863d000 r--p 00371000 103:02 25714520                  /home/apolo/.javacpp/cache/opencv-4.11.0-1.5.12-linux-x86_64.jar/org/bytedeco/opencv/linux-x86_64/libopencv_core.so.411
78a8d863d000-78a8d864c000 r--p 0043c000 103:02 25714520                  /home/apolo/.javacpp/cache/opencv-4.11.0-1.5.12-linux-x86_64.jar/org/bytedeco/opencv/linux-x86_64/libopencv_core.so.411
78a8d864c000-78a8d8652000 rw-p 0044b000 103:02 25714520                  /home/apolo/.javacpp/cache/opencv-4.11.0-1.5.12-linux-x86_64.jar/org/bytedeco/opencv/linux-x86_64/libopencv_core.so.411
78a8d8652000-78a8d8658000 rw-p 00000000 00:00 0 
78a8d865c000-78a8d865e000 r--p 00000000 103:02 23489602                  /usr/lib/x86_64-linux-gnu/libacl.so.1.1.2301
78a8d865e000-78a8d8662000 r-xp 00002000 103:02 23489602                  /usr/lib/x86_64-linux-gnu/libacl.so.1.1.2301
78a8d8662000-78a8d8663000 r--p 00006000 103:02 23489602                  /usr/lib/x86_64-linux-gnu/libacl.so.1.1.2301
78a8d8663000-78a8d8664000 ---p 00007000 103:02 23489602                  /usr/lib/x86_64-linux-gnu/libacl.so.1.1.2301
78a8d8664000-78a8d8665000 r--p 00007000 103:02 23489602                  /usr/lib/x86_64-linux-gnu/libacl.so.1.1.2301
78a8d8665000-78a8d8666000 rw-p 00008000 103:02 23489602                  /usr/lib/x86_64-linux-gnu/libacl.so.1.1.2301
78a8d8666000-78a8d866a000 ---p 00000000 00:00 0 
78a8d866a000-78a8d8688000 rw-p 00000000 00:00 0 
78a8d8688000-78a8d868a000 r--p 00000000 103:02 23490380                  /usr/lib/x86_64-linux-gnu/libmd.so.0.0.5
78a8d868a000-78a8d8691000 r-xp 00002000 103:02 23490380                  /usr/lib/x86_64-linux-gnu/libmd.so.0.0.5
78a8d8691000-78a8d8693000 r--p 00009000 103:02 23490380                  /usr/lib/x86_64-linux-gnu/libmd.so.0.0.5
78a8d8693000-78a8d8694000 r--p 0000a000 103:02 23490380                  /usr/lib/x86_64-linux-gnu/libmd.so.0.0.5
78a8d8694000-78a8d8695000 rw-p 0000b000 103:02 23490380                  /usr/lib/x86_64-linux-gnu/libmd.so.0.0.5
78a8d8695000-78a8d86a8000 r--p 00000000 103:02 23859737                  /usr/lib/jvm/java-21-openjdk-amd64/lib/libawt_xawt.so
78a8d86a8000-78a8d86f1000 r-xp 00013000 103:02 23859737                  /usr/lib/jvm/java-21-openjdk-amd64/lib/libawt_xawt.so
78a8d86f1000-78a8d870a000 r--p 0005c000 103:02 23859737                  /usr/lib/jvm/java-21-openjdk-amd64/lib/libawt_xawt.so
78a8d870a000-78a8d8710000 r--p 00074000 103:02 23859737                  /usr/lib/jvm/java-21-openjdk-amd64/lib/libawt_xawt.so
78a8d8710000-78a8d8712000 rw-p 0007a000 103:02 23859737                  /usr/lib/jvm/java-21-openjdk-amd64/lib/libawt_xawt.so
78a8d8712000-78a8d8714000 rw-p 00000000 00:00 0 
78a8d8714000-78a8d8732000 r--p 00000000 103:02 23859488                  /usr/lib/jvm/java-21-openjdk-amd64/lib/libawt.so
78a8d8732000-78a8d87bf000 r-xp 0001e000 103:02 23859488                  /usr/lib/jvm/java-21-openjdk-amd64/lib/libawt.so
78a8d87bf000-78a8d87cc000 r--p 000ab000 103:02 23859488                  /usr/lib/jvm/java-21-openjdk-amd64/lib/libawt.so
78a8d87cc000-78a8d87cd000 r--p 000b7000 103:02 23859488                  /usr/lib/jvm/java-21-openjdk-amd64/lib/libawt.so
78a8d87cd000-78a8d87d8000 rw-p 000b8000 103:02 23859488                  /usr/lib/jvm/java-21-openjdk-amd64/lib/libawt.so
78a8d87d8000-78a8d87fd000 rw-p 00000000 00:00 0 
78a8d87fd000-78a8d87fe000 ---p 00000000 00:00 0 
78a8d87fe000-78a8d8ffe000 rw-p 00000000 00:00 0 
78a8d8ffe000-78a8d8fff000 ---p 00000000 00:00 0 
78a8d8fff000-78a8d97ff000 rw-p 00000000 00:00 0 
78a8d97ff000-78a8d9800000 ---p 00000000 00:00 0 
78a8d9800000-78a8da000000 rw-p 00000000 00:00 0 
78a8da000000-78a8da01d000 r--p 00000000 103:02 25714501                  /home/apolo/.javacpp/cache/openblas-0.3.30-1.5.12-linux-x86_64.jar/org/bytedeco/openblas/linux-x86_64/libgfortran.so.5
78a8da01d000-78a8da2a6000 r-xp 0001d000 103:02 25714501                  /home/apolo/.javacpp/cache/openblas-0.3.30-1.5.12-linux-x86_64.jar/org/bytedeco/openblas/linux-x86_64/libgfortran.so.5
78a8da2a6000-78a8da2d7000 r--p 002a6000 103:02 25714501                  /home/apolo/.javacpp/cache/openblas-0.3.30-1.5.12-linux-x86_64.jar/org/bytedeco/openblas/linux-x86_64/libgfortran.so.5
78a8da2d7000-78a8da2d8000 ---p 002d7000 103:02 25714501                  /home/apolo/.javacpp/cache/openblas-0.3.30-1.5.12-linux-x86_64.jar/org/bytedeco/openblas/linux-x86_64/libgfortran.so.5
78a8da2d8000-78a8da2d9000 r--p 002d7000 103:02 25714501                  /home/apolo/.javacpp/cache/openblas-0.3.30-1.5.12-linux-x86_64.jar/org/bytedeco/openblas/linux-x86_64/libgfortran.so.5
78a8da2d9000-78a8da2db000 rw-p 002d8000 103:02 25714501                  /home/apolo/.javacpp/cache/openblas-0.3.30-1.5.12-linux-x86_64.jar/org/bytedeco/openblas/linux-x86_64/libgfortran.so.5
78a8da2e4000-78a8da2e8000 r--p 00000000 103:02 23489716                  /usr/lib/x86_64-linux-gnu/libbsd.so.0.11.5
78a8da2e8000-78a8da2f5000 r-xp 00004000 103:02 23489716                  /usr/lib/x86_64-linux-gnu/libbsd.so.0.11.5
78a8da2f5000-78a8da2f8000 r--p 00011000 103:02 23489716                  /usr/lib/x86_64-linux-gnu/libbsd.so.0.11.5
78a8da2f8000-78a8da2f9000 ---p 00014000 103:02 23489716                  /usr/lib/x86_64-linux-gnu/libbsd.so.0.11.5
78a8da2f9000-78a8da2fa000 r--p 00014000 103:02 23489716                  /usr/lib/x86_64-linux-gnu/libbsd.so.0.11.5
78a8da2fa000-78a8da2fb000 rw-p 00015000 103:02 23489716                  /usr/lib/x86_64-linux-gnu/libbsd.so.0.11.5
78a8da2fb000-78a8da2fc000 rw-p 00000000 00:00 0 
78a8da2fc000-78a8da2fe000 r--p 00000000 103:02 23489436                  /usr/lib/x86_64-linux-gnu/libXdmcp.so.6.0.0
78a8da2fe000-78a8da300000 r-xp 00002000 103:02 23489436                  /usr/lib/x86_64-linux-gnu/libXdmcp.so.6.0.0
78a8da300000-78a8da302000 r--p 00004000 103:02 23489436                  /usr/lib/x86_64-linux-gnu/libXdmcp.so.6.0.0
78a8da302000-78a8da303000 r--p 00005000 103:02 23489436                  /usr/lib/x86_64-linux-gnu/libXdmcp.so.6.0.0
78a8da303000-78a8da304000 rw-p 00006000 103:02 23489436                  /usr/lib/x86_64-linux-gnu/libXdmcp.so.6.0.0
78a8da304000-78a8da30f000 r--p 00000000 103:02 23491024                  /usr/lib/x86_64-linux-gnu/libxcb.so.1.1.0
78a8da30f000-78a8da323000 r-xp 0000b000 103:02 23491024                  /usr/lib/x86_64-linux-gnu/libxcb.so.1.1.0
78a8da323000-78a8da32c000 r--p 0001f000 103:02 23491024                  /usr/lib/x86_64-linux-gnu/libxcb.so.1.1.0
78a8da32c000-78a8da32d000 r--p 00027000 103:02 23491024                  /usr/lib/x86_64-linux-gnu/libxcb.so.1.1.0
78a8da32d000-78a8da32e000 rw-p 00028000 103:02 23491024                  /usr/lib/x86_64-linux-gnu/libxcb.so.1.1.0
78a8da32e000-78a8da332000 ---p 00000000 00:00 0 
78a8da332000-78a8da42e000 rw-p 00000000 00:00 0 
78a8da42e000-78a8da42f000 ---p 00000000 00:00 0 
78a8da42f000-78a8da52f000 rw-p 00000000 00:00 0 
78a8da52f000-78a8da533000 ---p 00000000 00:00 0 
78a8da533000-78a8da62f000 rw-p 00000000 00:00 0 
78a8da62f000-78a8da633000 ---p 00000000 00:00 0 
78a8da633000-78a8da72f000 rw-p 00000000 00:00 0 
78a8da72f000-78a8da734000 r--p 00000000 103:02 23859505                  /usr/lib/jvm/java-21-openjdk-amd64/lib/libjsvml.so
78a8da734000-78a8da775000 r-xp 00005000 103:02 23859505                  /usr/lib/jvm/java-21-openjdk-amd64/lib/libjsvml.so
78a8da775000-78a8da7fe000 r--p 00046000 103:02 23859505                  /usr/lib/jvm/java-21-openjdk-amd64/lib/libjsvml.so
78a8da7fe000-78a8da7ff000 r--p 000ce000 103:02 23859505                  /usr/lib/jvm/java-21-openjdk-amd64/lib/libjsvml.so
78a8da7ff000-78a8da800000 rw-p 000cf000 103:02 23859505                  /usr/lib/jvm/java-21-openjdk-amd64/lib/libjsvml.so
78a8da800000-78a8da804000 ---p 00000000 00:00 0 
78a8da804000-78a8da900000 rw-p 00000000 00:00 0 
78a8da900000-78a8da904000 ---p 00000000 00:00 0 
78a8da904000-78a8daa00000 rw-p 00000000 00:00 0 
78a8daa00000-78a8daf74000 r--p 00000000 103:02 23495761                  /usr/lib/locale/locale-archive
78a8daf74000-78a8daf77000 r--p 00000000 103:02 23489446                  /usr/lib/x86_64-linux-gnu/libXi.so.6.1.0
78a8daf77000-78a8daf83000 r-xp 00003000 103:02 23489446                  /usr/lib/x86_64-linux-gnu/libXi.so.6.1.0
78a8daf83000-78a8daf86000 r--p 0000f000 103:02 23489446                  /usr/lib/x86_64-linux-gnu/libXi.so.6.1.0
78a8daf86000-78a8daf87000 r--p 00011000 103:02 23489446                  /usr/lib/x86_64-linux-gnu/libXi.so.6.1.0
78a8daf87000-78a8daf88000 rw-p 00012000 103:02 23489446                  /usr/lib/x86_64-linux-gnu/libXi.so.6.1.0
78a8daf88000-78a8daf8a000 r--p 00000000 103:02 23489458                  /usr/lib/x86_64-linux-gnu/libXrender.so.1.3.0
78a8daf8a000-78a8daf91000 r-xp 00002000 103:02 23489458                  /usr/lib/x86_64-linux-gnu/libXrender.so.1.3.0
78a8daf91000-78a8daf93000 r--p 00009000 103:02 23489458                  /usr/lib/x86_64-linux-gnu/libXrender.so.1.3.0
78a8daf93000-78a8daf94000 r--p 0000a000 103:02 23489458                  /usr/lib/x86_64-linux-gnu/libXrender.so.1.3.0
78a8daf94000-78a8daf95000 rw-p 0000b000 103:02 23489458                  /usr/lib/x86_64-linux-gnu/libXrender.so.1.3.0
78a8daf95000-78a8daf99000 r--p 00000000 103:02 23489438                  /usr/lib/x86_64-linux-gnu/libXext.so.6.4.0
78a8daf99000-78a8dafa4000 r-xp 00004000 103:02 23489438                  /usr/lib/x86_64-linux-gnu/libXext.so.6.4.0
78a8dafa4000-78a8dafa8000 r--p 0000f000 103:02 23489438                  /usr/lib/x86_64-linux-gnu/libXext.so.6.4.0
78a8dafa8000-78a8dafa9000 r--p 00012000 103:02 23489438                  /usr/lib/x86_64-linux-gnu/libXext.so.6.4.0
78a8dafa9000-78a8dafaa000 rw-p 00013000 103:02 23489438                  /usr/lib/x86_64-linux-gnu/libXext.so.6.4.0
78a8dafaa000-78a8dafb7000 r--p 00000000 103:02 25714532                  /home/apolo/.javacpp/cache/opencv-4.11.0-1.5.12-linux-x86_64.jar/org/bytedeco/opencv/linux-x86_64/libjniopencv_imgcodecs.so
78a8dafb7000-78a8daff1000 r-xp 0000d000 103:02 25714532                  /home/apolo/.javacpp/cache/opencv-4.11.0-1.5.12-linux-x86_64.jar/org/bytedeco/opencv/linux-x86_64/libjniopencv_imgcodecs.so
78a8daff1000-78a8daffe000 r--p 00047000 103:02 25714532                  /home/apolo/.javacpp/cache/opencv-4.11.0-1.5.12-linux-x86_64.jar/org/bytedeco/opencv/linux-x86_64/libjniopencv_imgcodecs.so
78a8daffe000-78a8dafff000 r--p 00053000 103:02 25714532                  /home/apolo/.javacpp/cache/opencv-4.11.0-1.5.12-linux-x86_64.jar/org/bytedeco/opencv/linux-x86_64/libjniopencv_imgcodecs.so
78a8dafff000-78a8db000000 rw-p 00054000 103:02 25714532                  /home/apolo/.javacpp/cache/opencv-4.11.0-1.5.12-linux-x86_64.jar/org/bytedeco/opencv/linux-x86_64/libjniopencv_imgcodecs.so
78a8db000000-78a8dbca0000 rw-p 00001000 103:02 23859524                  /usr/lib/jvm/java-21-openjdk-amd64/lib/server/classes.jsa
78a8dbca0000-78a8dc000000 ---p 00000000 00:00 0 
78a8dc000000-78a8dc030000 rw-p 00000000 00:00 0 
78a8dc030000-78a8dc070000 rw-p 00000000 00:00 0 
78a8dc070000-78a8dc0d0000 rw-p 00000000 00:00 0 
78a8dc0d0000-78a8dc100000 ---p 00000000 00:00 0 
78a8dc100000-78a8dc110000 rw-p 00000000 00:00 0 
78a8dc110000-78a91c000000 ---p 00000000 00:00 0 
78a91c000000-78a91c021000 rw-p 00000000 00:00 0 
78a91c021000-78a920000000 ---p 00000000 00:00 0 
78a920000000-78a920021000 rw-p 00000000 00:00 0 
78a920021000-78a924000000 ---p 00000000 00:00 0 
78a924000000-78a924021000 rw-p 00000000 00:00 0 
78a924021000-78a928000000 ---p 00000000 00:00 0 
78a928000000-78a928021000 rw-p 00000000 00:00 0 
78a928021000-78a92c000000 ---p 00000000 00:00 0 
78a92c000000-78a92c021000 rw-p 00000000 00:00 0 
78a92c021000-78a930000000 ---p 00000000 00:00 0 
78a930002000-78a93000b000 r--p 00000000 103:02 25714511                  /home/apolo/.javacpp/cache/javacpp-1.5.12-linux-x86_64.jar/org/bytedeco/javacpp/linux-x86_64/libjnijavacpp.so
78a93000b000-78a93001d000 r-xp 00009000 103:02 25714511                  /home/apolo/.javacpp/cache/javacpp-1.5.12-linux-x86_64.jar/org/bytedeco/javacpp/linux-x86_64/libjnijavacpp.so
78a93001d000-78a930027000 r--p 0001b000 103:02 25714511                  /home/apolo/.javacpp/cache/javacpp-1.5.12-linux-x86_64.jar/org/bytedeco/javacpp/linux-x86_64/libjnijavacpp.so
78a930027000-78a930028000 r--p 00024000 103:02 25714511                  /home/apolo/.javacpp/cache/javacpp-1.5.12-linux-x86_64.jar/org/bytedeco/javacpp/linux-x86_64/libjnijavacpp.so
78a930028000-78a930029000 rw-p 00025000 103:02 25714511                  /home/apolo/.javacpp/cache/javacpp-1.5.12-linux-x86_64.jar/org/bytedeco/javacpp/linux-x86_64/libjnijavacpp.so
78a930029000-78a93003c000 r--p 00000000 103:02 25714505                  /home/apolo/.javacpp/cache/openblas-0.3.30-1.5.12-linux-x86_64.jar/org/bytedeco/openblas/linux-x86_64/libjniopenblas_nolapack.so
78a93003c000-78a93006b000 r-xp 00013000 103:02 25714505                  /home/apolo/.javacpp/cache/openblas-0.3.30-1.5.12-linux-x86_64.jar/org/bytedeco/openblas/linux-x86_64/libjniopenblas_nolapack.so
78a93006b000-78a930078000 r--p 00042000 103:02 25714505                  /home/apolo/.javacpp/cache/openblas-0.3.30-1.5.12-linux-x86_64.jar/org/bytedeco/openblas/linux-x86_64/libjniopenblas_nolapack.so
78a930078000-78a930079000 ---p 0004f000 103:02 25714505                  /home/apolo/.javacpp/cache/openblas-0.3.30-1.5.12-linux-x86_64.jar/org/bytedeco/openblas/linux-x86_64/libjniopenblas_nolapack.so
78a930079000-78a93007a000 r--p 0004f000 103:02 25714505                  /home/apolo/.javacpp/cache/openblas-0.3.30-1.5.12-linux-x86_64.jar/org/bytedeco/openblas/linux-x86_64/libjniopenblas_nolapack.so
78a93007a000-78a93007b000 rw-p 00050000 103:02 25714505                  /home/apolo/.javacpp/cache/openblas-0.3.30-1.5.12-linux-x86_64.jar/org/bytedeco/openblas/linux-x86_64/libjniopenblas_nolapack.so
78a93007b000-78a93007f000 ---p 00000000 00:00 0 
78a93007f000-78a93017b000 rw-p 00000000 00:00 0 
78a93017b000-78a93017f000 ---p 00000000 00:00 0 
78a93017f000-78a93027b000 rw-p 00000000 00:00 0 
78a93027b000-78a93027f000 ---p 00000000 00:00 0 
78a93027f000-78a93037b000 rw-p 00000000 00:00 0 
78a93037b000-78a93037f000 ---p 00000000 00:00 0 
78a93037f000-78a93047b000 rw-p 00000000 00:00 0 
78a93047b000-78a93047f000 ---p 00000000 00:00 0 
78a93047f000-78a93057b000 rw-p 00000000 00:00 0 
78a93057b000-78a93057c000 ---p 00000000 00:00 0 
78a93057c000-78a93067c000 rw-p 00000000 00:00 0 
78a93067c000-78a93067d000 ---p 00000000 00:00 0 
78a93067d000-78a93077d000 rw-p 00000000 00:00 0 
78a93077d000-78a9307fe000 rw-p 00000000 00:00 0 
78a9307fe000-78a9307ff000 ---p 00000000 00:00 0 
78a9307ff000-78a9308ff000 rw-p 00000000 00:00 0 
78a9308ff000-78a930900000 ---p 00000000 00:00 0 
78a930900000-78a930a00000 rw-p 00000000 00:00 0 
78a930a00000-78a932a00000 rw-p 00000000 00:00 0 
78a932a00000-78a932a02000 r--p 00000000 103:02 23489464                  /usr/lib/x86_64-linux-gnu/libXtst.so.6.1.0
78a932a02000-78a932a05000 r-xp 00002000 103:02 23489464                  /usr/lib/x86_64-linux-gnu/libXtst.so.6.1.0
78a932a05000-78a932a06000 r--p 00005000 103:02 23489464                  /usr/lib/x86_64-linux-gnu/libXtst.so.6.1.0
78a932a06000-78a932a07000 r--p 00005000 103:02 23489464                  /usr/lib/x86_64-linux-gnu/libXtst.so.6.1.0
78a932a07000-78a932a08000 rw-p 00006000 103:02 23489464                  /usr/lib/x86_64-linux-gnu/libXtst.so.6.1.0
78a932a08000-78a932be8000 rw-p 00000000 00:00 0 
78a932be8000-78a9347f8000 ---p 00000000 00:00 0 
78a9347f8000-78a934800000 rw-p 00000000 00:00 0 
78a934800000-78a934a90000 rwxp 00000000 00:00 0 
78a934a90000-78a93bd37000 ---p 00000000 00:00 0 
78a93bd37000-78a93bfa7000 rwxp 00000000 00:00 0 
78a93bfa7000-78a93c2c9000 ---p 00000000 00:00 0 
78a93c2c9000-78a93c539000 rwxp 00000000 00:00 0 
78a93c539000-78a943800000 ---p 00000000 00:00 0 
78a943800000-78a94be37000 r--s 00000000 103:02 23859521                  /usr/lib/jvm/java-21-openjdk-amd64/lib/modules
78a94be3c000-78a94be3f000 r--p 00000000 103:02 25714499                  /home/apolo/.javacpp/cache/openblas-0.3.30-1.5.12-linux-x86_64.jar/org/bytedeco/openblas/linux-x86_64/libquadmath.so.0
78a94be3f000-78a94be6b000 r-xp 00003000 103:02 25714499                  /home/apolo/.javacpp/cache/openblas-0.3.30-1.5.12-linux-x86_64.jar/org/bytedeco/openblas/linux-x86_64/libquadmath.so.0
78a94be6b000-78a94be82000 r--p 0002f000 103:02 25714499                  /home/apolo/.javacpp/cache/openblas-0.3.30-1.5.12-linux-x86_64.jar/org/bytedeco/openblas/linux-x86_64/libquadmath.so.0
78a94be82000-78a94be83000 r--p 00045000 103:02 25714499                  /home/apolo/.javacpp/cache/openblas-0.3.30-1.5.12-linux-x86_64.jar/org/bytedeco/openblas/linux-x86_64/libquadmath.so.0
78a94be83000-78a94be84000 rw-p 00046000 103:02 25714499                  /home/apolo/.javacpp/cache/openblas-0.3.30-1.5.12-linux-x86_64.jar/org/bytedeco/openblas/linux-x86_64/libquadmath.so.0
78a94be84000-78a94be87000 r--p 00000000 103:02 25714497                  /home/apolo/.javacpp/cache/openblas-0.3.30-1.5.12-linux-x86_64.jar/org/bytedeco/openblas/linux-x86_64/libgcc_s.so.1
78a94be87000-78a94be9e000 r-xp 00003000 103:02 25714497                  /home/apolo/.javacpp/cache/openblas-0.3.30-1.5.12-linux-x86_64.jar/org/bytedeco/openblas/linux-x86_64/libgcc_s.so.1
78a94be9e000-78a94bea2000 r--p 0001a000 103:02 25714497                  /home/apolo/.javacpp/cache/openblas-0.3.30-1.5.12-linux-x86_64.jar/org/bytedeco/openblas/linux-x86_64/libgcc_s.so.1
78a94bea2000-78a94bea3000 r--p 0001d000 103:02 25714497                  /home/apolo/.javacpp/cache/openblas-0.3.30-1.5.12-linux-x86_64.jar/org/bytedeco/openblas/linux-x86_64/libgcc_s.so.1
78a94bea3000-78a94bea4000 rw-p 0001e000 103:02 25714497                  /home/apolo/.javacpp/cache/openblas-0.3.30-1.5.12-linux-x86_64.jar/org/bytedeco/openblas/linux-x86_64/libgcc_s.so.1
78a94bea4000-78a94c000000 rw-p 00000000 00:00 0 
78a94c000000-78a94d35c000 rw-p 00000000 00:00 0 
78a94d35c000-78a950000000 ---p 00000000 00:00 0 
78a950017000-78a95001e000 r--s 00000000 103:02 23464419                  /usr/lib/x86_64-linux-gnu/gconv/gconv-modules.cache
78a95001e000-78a950020000 r--p 00000000 103:02 23859520                  /usr/lib/jvm/java-21-openjdk-amd64/lib/libzip.so
78a950020000-78a950025000 r-xp 00002000 103:02 23859520                  /usr/lib/jvm/java-21-openjdk-amd64/lib/libzip.so
78a950025000-78a950027000 r--p 00007000 103:02 23859520                  /usr/lib/jvm/java-21-openjdk-amd64/lib/libzip.so
78a950027000-78a950028000 r--p 00008000 103:02 23859520                  /usr/lib/jvm/java-21-openjdk-amd64/lib/libzip.so
78a950028000-78a950029000 rw-p 00009000 103:02 23859520                  /usr/lib/jvm/java-21-openjdk-amd64/lib/libzip.so
78a950029000-78a950030000 r--p 00000000 103:02 23859513                  /usr/lib/jvm/java-21-openjdk-amd64/lib/libnio.so
78a950030000-78a950039000 r-xp 00007000 103:02 23859513                  /usr/lib/jvm/java-21-openjdk-amd64/lib/libnio.so
78a950039000-78a95003d000 r--p 00010000 103:02 23859513                  /usr/lib/jvm/java-21-openjdk-amd64/lib/libnio.so
78a95003d000-78a95003e000 ---p 00014000 103:02 23859513                  /usr/lib/jvm/java-21-openjdk-amd64/lib/libnio.so
78a95003e000-78a95003f000 r--p 00014000 103:02 23859513                  /usr/lib/jvm/java-21-openjdk-amd64/lib/libnio.so
78a95003f000-78a950040000 rw-p 00015000 103:02 23859513                  /usr/lib/jvm/java-21-openjdk-amd64/lib/libnio.so
78a950040000-78a95098a000 rw-p 00000000 00:00 0 
78a95098a000-78a95098b000 ---p 00000000 00:00 0 
78a95098b000-78a950a8b000 rw-p 00000000 00:00 0 
78a950a8b000-78a950a8c000 ---p 00000000 00:00 0 
78a950a8c000-78a950b8c000 rw-p 00000000 00:00 0 
78a950b8c000-78a950b8d000 ---p 00000000 00:00 0 
78a950b8d000-78a950c8d000 rw-p 00000000 00:00 0 
78a950c8d000-78a950cc9000 rw-p 00000000 00:00 0 
78a950cc9000-78a95104b000 ---p 00000000 00:00 0 
78a95104b000-78a951088000 rw-p 00000000 00:00 0 
78a951088000-78a95140a000 ---p 00000000 00:00 0 
78a95140a000-78a951e1a000 rw-p 00000000 00:00 0 
78a951e1a000-78a951f00000 ---p 00000000 00:00 0 
78a951f00000-78a951f04000 ---p 00000000 00:00 0 
78a951f04000-78a952000000 rw-p 00000000 00:00 0 
78a952000000-78a95209a000 r--p 00000000 103:02 23464038                  /usr/lib/x86_64-linux-gnu/libstdc++.so.6.0.30
78a95209a000-78a9521ab000 r-xp 0009a000 103:02 23464038                  /usr/lib/x86_64-linux-gnu/libstdc++.so.6.0.30
78a9521ab000-78a95221a000 r--p 001ab000 103:02 23464038                  /usr/lib/x86_64-linux-gnu/libstdc++.so.6.0.30
78a95221a000-78a95221b000 ---p 0021a000 103:02 23464038                  /usr/lib/x86_64-linux-gnu/libstdc++.so.6.0.30
78a95221b000-78a952226000 r--p 0021a000 103:02 23464038                  /usr/lib/x86_64-linux-gnu/libstdc++.so.6.0.30
78a952226000-78a952229000 rw-p 00225000 103:02 23464038                  /usr/lib/x86_64-linux-gnu/libstdc++.so.6.0.30
78a952229000-78a95222c000 rw-p 00000000 00:00 0 
78a95222e000-78a952234000 rw-p 00000000 00:00 0 
78a952234000-78a952319000 ---p 00000000 00:00 0 
78a952319000-78a952327000 r--p 00000000 103:02 23464057                  /usr/lib/x86_64-linux-gnu/libm.so.6
78a952327000-78a9523a3000 r-xp 0000e000 103:02 23464057                  /usr/lib/x86_64-linux-gnu/libm.so.6
78a9523a3000-78a9523fe000 r--p 0008a000 103:02 23464057                  /usr/lib/x86_64-linux-gnu/libm.so.6
78a9523fe000-78a9523ff000 r--p 000e4000 103:02 23464057                  /usr/lib/x86_64-linux-gnu/libm.so.6
78a9523ff000-78a952400000 rw-p 000e5000 103:02 23464057                  /usr/lib/x86_64-linux-gnu/libm.so.6
78a952400000-78a9526a2000 r--p 00000000 103:02 23859527                  /usr/lib/jvm/java-21-openjdk-amd64/lib/server/libjvm.so
78a9526a2000-78a95351e000 r-xp 002a2000 103:02 23859527                  /usr/lib/jvm/java-21-openjdk-amd64/lib/server/libjvm.so
78a95351e000-78a9537f8000 r--p 0111e000 103:02 23859527                  /usr/lib/jvm/java-21-openjdk-amd64/lib/server/libjvm.so
78a9537f8000-78a9537f9000 ---p 013f8000 103:02 23859527                  /usr/lib/jvm/java-21-openjdk-amd64/lib/server/libjvm.so
78a9537f9000-78a9538cd000 r--p 013f8000 103:02 23859527                  /usr/lib/jvm/java-21-openjdk-amd64/lib/server/libjvm.so
78a9538cd000-78a9538fd000 rw-p 014cc000 103:02 23859527                  /usr/lib/jvm/java-21-openjdk-amd64/lib/server/libjvm.so
78a9538fd000-78a953963000 rw-p 00000000 00:00 0 
78a953963000-78a953964000 r--p 00000000 103:02 23489425                  /usr/lib/x86_64-linux-gnu/libXau.so.6.0.0
78a953964000-78a953966000 r-xp 00001000 103:02 23489425                  /usr/lib/x86_64-linux-gnu/libXau.so.6.0.0
78a953966000-78a953967000 r--p 00003000 103:02 23489425                  /usr/lib/x86_64-linux-gnu/libXau.so.6.0.0
78a953967000-78a953968000 r--p 00003000 103:02 23489425                  /usr/lib/x86_64-linux-gnu/libXau.so.6.0.0
78a953968000-78a953969000 rw-p 00004000 103:02 23489425                  /usr/lib/x86_64-linux-gnu/libXau.so.6.0.0
78a953969000-78a95396c000 r--p 00000000 103:02 23859512                  /usr/lib/jvm/java-21-openjdk-amd64/lib/libnet.so
78a95396c000-78a953974000 r-xp 00003000 103:02 23859512                  /usr/lib/jvm/java-21-openjdk-amd64/lib/libnet.so
78a953974000-78a953976000 r--p 0000b000 103:02 23859512                  /usr/lib/jvm/java-21-openjdk-amd64/lib/libnet.so
78a953976000-78a953977000 r--p 0000c000 103:02 23859512                  /usr/lib/jvm/java-21-openjdk-amd64/lib/libnet.so
78a953977000-78a953978000 rw-p 0000d000 103:02 23859512                  /usr/lib/jvm/java-21-openjdk-amd64/lib/libnet.so
78a953978000-78a9539f9000 rw-p 00000000 00:00 0 
78a9539f9000-78a953a00000 ---p 00000000 00:00 0 
78a953a00000-78a953a28000 r--p 00000000 103:02 23464050                  /usr/lib/x86_64-linux-gnu/libc.so.6
78a953a28000-78a953bbd000 r-xp 00028000 103:02 23464050                  /usr/lib/x86_64-linux-gnu/libc.so.6
78a953bbd000-78a953c15000 r--p 001bd000 103:02 23464050                  /usr/lib/x86_64-linux-gnu/libc.so.6
78a953c15000-78a953c16000 ---p 00215000 103:02 23464050                  /usr/lib/x86_64-linux-gnu/libc.so.6
78a953c16000-78a953c1a000 r--p 00215000 103:02 23464050                  /usr/lib/x86_64-linux-gnu/libc.so.6
78a953c1a000-78a953c1c000 rw-p 00219000 103:02 23464050                  /usr/lib/x86_64-linux-gnu/libc.so.6
78a953c1c000-78a953c29000 rw-p 00000000 00:00 0 
78a953c2c000-78a953c39000 r--p 00000000 103:02 23859498                  /usr/lib/jvm/java-21-openjdk-amd64/lib/libjava.so
78a953c39000-78a953c47000 r-xp 0000d000 103:02 23859498                  /usr/lib/jvm/java-21-openjdk-amd64/lib/libjava.so
78a953c47000-78a953c4c000 r--p 0001b000 103:02 23859498                  /usr/lib/jvm/java-21-openjdk-amd64/lib/libjava.so
78a953c4c000-78a953c4d000 ---p 00020000 103:02 23859498                  /usr/lib/jvm/java-21-openjdk-amd64/lib/libjava.so
78a953c4d000-78a953c4e000 r--p 00020000 103:02 23859498                  /usr/lib/jvm/java-21-openjdk-amd64/lib/libjava.so
78a953c4e000-78a953c4f000 rw-p 00021000 103:02 23859498                  /usr/lib/jvm/java-21-openjdk-amd64/lib/libjava.so
78a953c4f000-78a953c50000 rw-p 00000000 00:00 0 
78a953c50000-78a953c53000 r--p 00000000 103:02 23464036                  /usr/lib/x86_64-linux-gnu/libgcc_s.so.1
78a953c53000-78a953c6a000 r-xp 00003000 103:02 23464036                  /usr/lib/x86_64-linux-gnu/libgcc_s.so.1
78a953c6a000-78a953c6e000 r--p 0001a000 103:02 23464036                  /usr/lib/x86_64-linux-gnu/libgcc_s.so.1
78a953c6e000-78a953c6f000 r--p 0001d000 103:02 23464036                  /usr/lib/x86_64-linux-gnu/libgcc_s.so.1
78a953c6f000-78a953c70000 rw-p 0001e000 103:02 23464036                  /usr/lib/x86_64-linux-gnu/libgcc_s.so.1
78a953c70000-78a953c73000 rw-p 00000000 00:00 0 
78a953c73000-78a953c75000 r--p 00000000 103:02 23859502                  /usr/lib/jvm/java-21-openjdk-amd64/lib/libjli.so
78a953c75000-78a953c7f000 r-xp 00002000 103:02 23859502                  /usr/lib/jvm/java-21-openjdk-amd64/lib/libjli.so
78a953c7f000-78a953c82000 r--p 0000c000 103:02 23859502                  /usr/lib/jvm/java-21-openjdk-amd64/lib/libjli.so
78a953c82000-78a953c83000 ---p 0000f000 103:02 23859502                  /usr/lib/jvm/java-21-openjdk-amd64/lib/libjli.so
78a953c83000-78a953c84000 r--p 0000f000 103:02 23859502                  /usr/lib/jvm/java-21-openjdk-amd64/lib/libjli.so
78a953c84000-78a953c85000 rw-p 00010000 103:02 23859502                  /usr/lib/jvm/java-21-openjdk-amd64/lib/libjli.so
78a953c85000-78a953c87000 r--p 00000000 103:02 23491060                  /usr/lib/x86_64-linux-gnu/libz.so.1.2.11
78a953c87000-78a953c98000 r-xp 00002000 103:02 23491060                  /usr/lib/x86_64-linux-gnu/libz.so.1.2.11
78a953c98000-78a953c9e000 r--p 00013000 103:02 23491060                  /usr/lib/x86_64-linux-gnu/libz.so.1.2.11
78a953c9e000-78a953c9f000 ---p 00019000 103:02 23491060                  /usr/lib/x86_64-linux-gnu/libz.so.1.2.11
78a953c9f000-78a953ca0000 r--p 00019000 103:02 23491060                  /usr/lib/x86_64-linux-gnu/libz.so.1.2.11
78a953ca0000-78a953ca1000 rw-p 0001a000 103:02 23491060                  /usr/lib/x86_64-linux-gnu/libz.so.1.2.11
78a953ca6000-78a953cae000 rw-s 00000000 103:02 25714488                  /tmp/hsperfdata_apolo/18051
78a953cae000-78a953caf000 ---p 00000000 00:00 0 
78a953caf000-78a953cb0000 r--p 00000000 00:00 0 
78a953cb0000-78a953cb2000 r--p 00000000 103:02 23859501                  /usr/lib/jvm/java-21-openjdk-amd64/lib/libjimage.so
78a953cb2000-78a953cb5000 r-xp 00002000 103:02 23859501                  /usr/lib/jvm/java-21-openjdk-amd64/lib/libjimage.so
78a953cb5000-78a953cb6000 r--p 00005000 103:02 23859501                  /usr/lib/jvm/java-21-openjdk-amd64/lib/libjimage.so
78a953cb6000-78a953cb7000 ---p 00006000 103:02 23859501                  /usr/lib/jvm/java-21-openjdk-amd64/lib/libjimage.so
78a953cb7000-78a953cb8000 r--p 00006000 103:02 23859501                  /usr/lib/jvm/java-21-openjdk-amd64/lib/libjimage.so
78a953cb8000-78a953cb9000 rw-p 00007000 103:02 23859501                  /usr/lib/jvm/java-21-openjdk-amd64/lib/libjimage.so
78a953cb9000-78a953cbb000 rw-p 00000000 00:00 0 
78a953cbb000-78a953cbd000 r--p 00000000 103:02 23464045                  /usr/lib/x86_64-linux-gnu/ld-linux-x86-64.so.2
78a953cbd000-78a953ce7000 r-xp 00002000 103:02 23464045                  /usr/lib/x86_64-linux-gnu/ld-linux-x86-64.so.2
78a953ce7000-78a953cf2000 r--p 0002c000 103:02 23464045                  /usr/lib/x86_64-linux-gnu/ld-linux-x86-64.so.2
78a953cf2000-78a953cf3000 ---p 00000000 00:00 0 
78a953cf3000-78a953cf5000 r--p 00037000 103:02 23464045                  /usr/lib/x86_64-linux-gnu/ld-linux-x86-64.so.2
78a953cf5000-78a953cf7000 rw-p 00039000 103:02 23464045                  /usr/lib/x86_64-linux-gnu/ld-linux-x86-64.so.2
7ffe9327e000-7ffe932a7000 rw-p 00000000 00:00 0                          [stack]
7ffe9332b000-7ffe9332f000 r--p 00000000 00:00 0                          [vvar]
7ffe9332f000-7ffe93331000 r-xp 00000000 00:00 0                          [vdso]
ffffffffff600000-ffffffffff601000 --xp 00000000 00:00 0                  [vsyscall]
Total number of mappings: 577

JVMTI agents: none


VM Arguments:
jvm_args: -Dfile.encoding=UTF-8 -Duser.country=US -Duser.language=en -Duser.variant 
java_command: com.fachada.cagepa.fachadacagepa.domain.util.ImageDigitExtractor
java_class_path (initial): /home/apolo/Documents/Fachada Cagepa/build/classes/java/main:/home/apolo/Documents/Fachada Cagepa/build/resources/main:/home/apolo/.gradle/caches/modules-2/files-2.1/org.springframework.boot/spring-boot-devtools/4.0.0/dda2d0f369837f2616505f488fd79d2cf31edda3/spring-boot-devtools-4.0.0.jar:/home/apolo/.gradle/caches/modules-2/files-2.1/org.springframework.boot/spring-boot-docker-compose/4.0.0/50b4f7d9da2cf603fc2e56281dbd93440361c3db/spring-boot-docker-compose-4.0.0.jar:/home/apolo/.gradle/caches/modules-2/files-2.1/net.sourceforge.tess4j/tess4j/5.1.0/14bec662d98d90b5fd767789c16ac105484e6204/tess4j-5.1.0.jar:/home/apolo/.gradle/caches/modules-2/files-2.1/org.bytedeco/javacv-platform/1.5.12/44f69321a12d858dd97164ada032139109dd6830/javacv-platform-1.5.12.jar:/home/apolo/.gradle/caches/modules-2/files-2.1/org.springframework.boot/spring-boot-starter-data-jpa/4.0.0/99a0eca30d43367252c47da3487d73eeb8348de9/spring-boot-starter-data-jpa-4.0.0.jar:/home/apolo/.gradle/caches/modules-2/files-2.1/org.postgresql/postgresql/42.7.8/81b840fbfe0a6c0b7aa14c6bd4856108d36ed780/postgresql-42.7.8.jar:/home/apolo/.gradle/caches/modules-2/files-2.1/org.springframework.boot/spring-boot-starter-jdbc/4.0.0/caccf2e24064ac9b76520639b3deff30f60bd86e/spring-boot-starter-jdbc-4.0.0.jar:/home/apolo/.gradle/caches/modules-2/files-2.1/org.springframework.boot/spring-boot-starter/4.0.0/21b8df99b718ba756ad4e20458c59e801865d6e8/spring-boot-starter-4.0.0.jar:/home/apolo/.gradle/caches/modules-2/files-2.1/org.springframework.boot/spring-boot-autoconfigure/4.0.0/5348987fff66867326396839a066e0c2e52ee989/spring-boot-autoconfigure-4.0.0.jar:/home/apolo/.gradle/caches/modules-2/files-2.1/org.springframework.boot/spring-boot-data-jpa/4.0.0/11ea418c8e230c94a31613b4b0eb079be897d98/spring-boot-data-jpa-4.0.0.jar:/home/apolo/.gradle/caches/modules-2/files-2.1/org.springframework.boot/spring-boot-hibernate/4.0.0/f7d3969e5149722daa273d10dff0dd7f6eb0a550/spring-boot-hibernate-4.0.0.jar:/home/apolo/.gradle/caches/modules-2/files-2.1/org.springframework.boot/spring-boot-jpa/4.0.0/f94bb13dd5900631e7f1011b261e6265fc6f79dd/spring-boot-jpa-4.0.0.jar:/home/apolo/.gradle/caches/modules-2/files-2.1/org.springframework.boot/spring-boot-jdbc/4.0.0/72d2a7541ee7864c0e52cc3da44ac31b6f948487/spring-boot-jdbc-4.0.0.jar:/home/apolo/.gradle/caches/modules-2/files-2.1/org.springframework.boot/spring-boot-data-commons/4.0.0/a9e102f4ee6277954e1451683d7b506d682ebb85/spring-boot-data-commons-4.0.0.jar:/home/apolo/.gradle/caches/modules-2/files-2.1/org.springframework.boot/spring-boot-sql/4.0.0/bd5b8cca5076990ee96a82f624f4a929542cec9/spring-boot-sql-4.0.0.jar:/home/apolo/.gradle/caches/modules-2/files-2.1/org.springframework.boot/spring-boot-transaction/4.0.0/8d737388a488ae2e6f6b0492750e883bf55f2021/spring-boot-transaction-4.0.0.jar:/home/apolo/.gradle/caches/modules-2/files-2.1/org.springframework.boot/spring-boot-persistence/4.0.0/ca621f8aaebb3578e648bd6fd4ca61a059a98ee2/spring-boot-persistence-4.0.0.jar:/home/apolo/.gradle/caches/modules-2/files-2.1/org.springframework.boot/spring-boot/4.0.0/92d3fdafcd16e3ffb8fb48a51cff98b5dd6c0432/spring-boot-4.0.0.jar:/home/apolo/.gradle/caches/modules-2/files-2.1/tools.jackson.core/jackson-core/3.0.2/620677db2f2085d59d916b0d6547bbaac7d6f674/jackson-core-3.0.2.jar:/home/apolo/.gradle/caches/modules-2/files-2.1/tools.jackson.core/jackson-databind/3.0.2/a72d3b8a1c36c166df13726b13d34877f6ea9b1c/jackson-databind-3.0.2.jar:/home/apolo/.gradle/caches/modules-2/files-2.1/org.ghost4j/ghost4j/1.0.1/a026bc023a623b43df336670ceb00eba355bbc81/ghost4j-1.0.1.jar:/home/apolo/.gradle/caches/modules-2/files-2.1/net.sourceforge.lept4j/lept4j/1.16.1/bd84a282f8ea431a4fdeca9b72fedee4b20a5b38/lept4j-1.16.1.jar:/home/apolo/.gradle/caches/modules-2/files-2.1/net.java.dev.jna/jna/5.10.0/7cf4c87dd802db50721db66947aa237d7ad09418/jna-5.10.0.jar:/home/apolo/.gradle/caches/modules-2/files-2.1/com.github.jai-imageio/jai-imageio-core/1.4.0/fb6d79b929556362a241b2f65a04e538062f0077/jai-imageio-core-1.4.0.jar:/home/apolo/.gradle/caches/modules-2/files-2.1/org.apache.pdfbox/pdfbox-tools/2.0.25/baf53c291ed43c13a1230de3ce33711f441ab999/pdfbox-tools-2.0.25.jar:/home/apolo/.gradle/caches/modules-2/files-2.1/org.apache.pdfbox/pdfbox-debugger/2.0.25/44cfe7b27dccb5432c02a171ca78fa5b643c00cb/pdfbox-debugger-2.0.25.jar:/home/apolo/.gradle/caches/modules-2/files-2.1/org.apache.pdfbox/pdfbox/2.0.25/c18cd03ff3a2dfc3c4a30d3a35173bd2690bcb92/pdfbox-2.0.25.jar:/home/apolo/.gradle/caches/modules-2/files-2.1/org.apache.pdfbox/jbig2-imageio/3.0.3/1719861ff0b86162c5b391fb4d1084c05ff72b35/jbig2-imageio-3.0.3.jar:/home/apolo/.gradle/caches/modules-2/files-2.1/org.apache.xmlgraphics/xmlgraphics-commons/1.4/52a051c7202449347ab3d717987b5fc2e2a52143/xmlgraphics-commons-1.4.jar:/home/apolo/.gradle/caches/modules-2/files-2.1/commons-io/commons-io/2.11.0/a2503f302b11ebde7ebc3df41daebe0e4eea3689/commons-io-2.11.0.jar:/home/apolo/.gradle/caches/modules-2/files-2.1/org.jboss/jboss-vfs/3.2.16.Final/3624c3de6f7730903b7d0c604ba0db32d61ec8b9/jboss-vfs-3.2.16.Final.jar:/home/apolo/.gradle/caches/modules-2/files-2.1/com.zaxxer/HikariCP/7.0.2/c2b43c946b86a14a96342379e22b004c56c6166d/HikariCP-7.0.2.jar:/home/apolo/.gradle/caches/modules-2/files-2.1/org.springframework.data/spring-data-jpa/4.0.0/8ae6cfd8c5a0001597385cc47dfed30c0e6c6cf5/spring-data-jpa-4.0.0.jar:/home/apolo/.gradle/caches/modules-2/files-2.1/org.springframework.boot/spring-boot-starter-logging/4.0.0/82de562895828f2cdb91284d3f66458c800bfb5d/spring-boot-starter-logging-4.0.0.jar:/home/apolo/.gradle/caches/modules-2/files-2.1/ch.qos.logback/logback-classic/1.5.21/904915aa29a0bbff111ae90ed85541b2991a72fc/logback-classic-1.5.21.jar:/home/apolo/.gradle/caches/modules-2/files-2.1/org.apache.logging.log4j/log4j-to-slf4j/2.25.2/3843798847a7623c1724a9522002233e14fcb0ff/log4j-to-slf4j-2.25.2.jar:/home/apolo/.gradle/caches/modules-2/files-2.1/org.slf4j/jul-to-slf4j/2.0.17/524cb6ccc2b68a57604750e1ab8b13b5a786a6aa/jul-to-slf4j-2.0.17.jar:/home/apolo/.gradle/caches/modules-2/files-2.1/org.springframework.data/spring-data-commons/4.0.0/1ae31f5ec98c9593dfd6a3a0eae7ec564d0d1ee1/spring-data-commons-4.0.0.jar:/home/apolo/.gradle/caches/modules-2/files-2.1/org.slf4j/slf4j-api/2.0.17/d9e58ac9c7779ba3bf8142aff6c830617a7fe60f/slf4j-api-2.0.17.jar:/home/apolo/.gradle/caches/modules-2/files-2.1/org.bytedeco/javacv/1.5.12/ec58764141fd1ed2cf5c66cf04cffc27dee1b1e2/javacv-1.5.12.jar:/home/apolo/.gradle/caches/modules-2/files-2.1/org.bytedeco/opencv-platform/4.11.0-1.5.12/1770a1c12de8fbea460ceac1566f0ee5f73ced84/opencv-platform-4.11.0-1.5.12.jar:/home/apolo/.gradle/caches/modules-2/files-2.1/org.bytedeco/openblas-platform/0.3.30-1.5.12/9c8498f2187bffbf70d63d14264ff179560631fa/openblas-platform-0.3.30-1.5.12.jar:/home/apolo/.gradle/caches/modules-2/files-2.1/org.bytedeco/ffmpeg-platform/7.1.1-1.5.12/8ae14a6f17e83aca6c65ecdf5491d883efd33f14/ffmpeg-platform-7.1.1-1.5.12.jar:/home/apolo/.gradle/caches/modules-2/files-2.1/org.bytedeco/flycapture-platform/2.13.3.31-1.5.9/18253937e77a52026bd87db432a1d4900e511763/flycapture-platform-2.13.3.31-1.5.9.jar:/home/apolo/.gradle/caches/modules-2/files-2.1/org.bytedeco/libdc1394-platform/2.2.6-1.5.9/72f5c0340514f89601bdac20304ce7ccf686b6c5/libdc1394-platform-2.2.6-1.5.9.jar:/home/apolo/.gradle/caches/modules-2/files-2.1/org.bytedeco/libfreenect-platform/0.5.7-1.5.9/c757108e09de1a87802637919e49b5500589630f/libfreenect-platform-0.5.7-1.5.9.jar:/home/apolo/.gradle/caches/modules-2/files-2.1/org.bytedeco/libfreenect2-platform/0.2.0-1.5.9/7c30d421f2e679119120c835ad73a8a8a2913539/libfreenect2-platform-0.2.0-1.5.9.jar:/home/apolo/.gradle/caches/modules-2/files-2.1/org.bytedeco/librealsense-platform/1.12.4-1.5.9/1596fc41fe524b00f9e825f8a0bf103469fe51f5/librealsense-platform-1.12.4-1.5.9.jar:/home/apolo/.gradle/caches/modules-2/files-2.1/org.bytedeco/librealsense2-platform/2.53.1-1.5.9/8bd869a086ca856d787806f0927966195d328d9a/librealsense2-platform-2.53.1-1.5.9.jar:/home/apolo/.gradle/caches/modules-2/files-2.1/org.bytedeco/videoinput-platform/0.200-1.5.9/cdd2794ec4b99530a95bbcce4d3d7244780234b9/videoinput-platform-0.200-1.5.9.jar:/home/apolo/.gradle/caches/modules-2/files-2.1/org.bytedeco/artoolkitplus-platform/2.3.1-1.5.9/2a0b81d30cb1e17eb3ae9d7af3fe8f53b8a27735/artoolkitplus-platform-2.3.1-1.5.9.jar:/home/apolo/.gradle/caches/modules-2/files-2.1/org.bytedeco/tesseract-platform/5.5.1-1.5.12/105983a4e0faa092e476de4eacb88704d59dda6a/tesseract-platform-5.5.1-1.5.12.jar:/home/apolo/.gradle/caches/modules-2/files-2.1/org.bytedeco/leptonica-platform/1.85.0-1.5.12/f9ca6024a44d1b263fc023afb9fd745a1c1e91fb/leptonica-platform-1.85.0-1.5.12.jar:/home/apolo/.gradle/caches/modules-2/files-2.1/org.bytedeco/javacpp-platform/1.5.12/fdd546c8f0b5d4debc550a1e423419e1087d9c36/javacpp-platform-1.5.12.jar:/home/apolo/.gradle/caches/modules-2/files-2.1/org.checkerframework/checker-qual/3.49.5/f0d119b5a4adb4164e9d6fa9fd3ffa5d0e458963/checker-qual-3.49.5.jar:/home/apolo/.gradle/caches/modules-2/files-2.1/org.springframework/spring-context/7.0.1/c75dc812b47a9d6b23568448fbb4518af795bc9e/spring-context-7.0.1.jar:/home/apolo/.gradle/caches/modules-2/files-2.1/org.springframework/spring-orm/7.0.1/3ef07b57dfcb2fde25229c8dcb1bb65ffa31617a/spring-orm-7.0.1.jar:/home/apolo/.gradle/caches/modules-2/files-2.1/org.springframework/spring-jdbc/7.0.1/aa29287fc88299e23b9dcec9251a7a4a70e46248/spring-jdbc-7.0.1.jar:/home/apolo/.gradle/caches/modules-2/files-2.1/org.springframework/spring-aop/7.0.1/20cd632e7fc2fb98f292e9bda0418e725caa0070/spring-aop-7.0.1.jar:/home/apolo/.gradle/caches/modules-2/files-2.1/org.springframework/spring-tx/7.0.1/61bae82733eec52847a6e0565898e00c2fe829a8/spring-tx-7.0.1.jar:/home/apolo/.gradle/caches/modules-2/files-2.1/org.springframework/spring-beans/7.0.1/4ac0dd2d2b27f636385a77a3b40c8597aef8ec06/spring-beans-7.0.1.jar:/home/apolo/.gradle/caches/modules-2/files-2.1/org.springframework/spring-expression/7.0.1/e094d34f17777125adcb01ed5778075aa876c8e6/spring-expression-7.0.1.jar:/home/apolo/.gradle/caches/modules-2/files-2.1/org.springframework/spring-core/7.0.1/a885a444df1d0777989ec11df84eb3e8e7eee2cd/spring-core-7.0.1.jar:/home/apolo/.gradle/caches/modules-2/files-2.1/com.fasterxml.jackson.core/jackson-annotations/2.20/6a5e7291ea3f2b590a7ce400adb7b3aea4d7e12c/jackson-annotations-2.20.jar:/home/apolo/.gradle/caches/modules-2/files-2.1/log4j/log4j/1.2.17/5af35056b4d257e4b64b9e8069c0746e8b08629f/log4j-1.2.17.jar:/home/apolo/.gradle/caches/modules-2/files-2.1/commons-beanutils/commons-beanutils/1.9.2/7a87d845ad3a155297e8f67d9008f4c1e5656b71/commons-beanutils-1.9.2.jar:/home/apolo/.gradle/caches/modules-2/files-2.1/com.lowagie/itext/2.1.7/892bfb3e97074a61123b3b2d7caa2db112750864/itext-2.1.7.jar:/home/apolo/.gradle/caches/modules-2/files-2.1/org.apache.pdfbox/fontbox/2.0.25/f6644a1eb1d165eded719a88bf7bdcff91740b98/fontbox-2.0.25.jar:/home/apolo/.gradle/caches/modules-2/files-2.1/commons-logging/commons-logging/1.3.5/a3fcc5d3c29b2b03433aa2d2f2d2c1b1638924a1/commons-logging-1.3.5.jar:/home/apolo/.gradle/caches/modules-2/files-2.1/org.hibernate.orm/hibernate-core/7.1.8.Final/57be444bca9f8a6091e9ed82c1cc14e57095664d/hibernate-core-7.1.8.Final.jar:/home/apolo/.gradle/caches/modules-2/files-2.1/org.hibernate.models/hibernate-models/1.0.1/3158c5f9309494b905de62c72f6f02d108aea651/hibernate-models-1.0.1.jar:/home/apolo/.gradle/caches/modules-2/files-2.1/org.jboss.logging/jboss-logging/3.6.1.Final/886afbb445b4016a37c8960a7aef6ebd769ce7e5/jboss-logging-3.6.1.Final.jar:/home/apolo/.gradle/caches/modules-2/files-2.1/org.bytedeco/opencv/4.11.0-1.5.12/fe15a0ad8f1bfb57d300ddcc6e6de612a4cae17e/opencv-4.11.0-1.5.12.jar:/home/apolo/.gradle/caches/modules-2/files-2.1/org.bytedeco/opencv/4.11.0-1.5.12/1d514182746acaed63a23d08dfb166b061953d36/opencv-4.11.0-1.5.12-android-arm64.jar:/home/apolo/.gradle/caches/modules-2/files-2.1/org.bytedeco/opencv/4.11.0-1.5.12/f2c5bd708b1f5ff7fe4c127c44724fa59a76eb38/opencv-4.11.0-1.5.12-android-x86_64.jar:/home/apolo/.gradle/caches/modules-2/files-2.1/org.bytedeco/opencv/4.11.0-1.5.12/8c92d46552da22cfb6fa442062ece6a6251a6f2c/opencv-4.11.0-1.5.12-ios-arm64.jar:/home/apolo/.gradle/caches/modules-2/files-2.1/org.bytedeco/opencv/4.11.0-1.5.12/96c18ac3b7982c5d493f0e0f603532fe260e623f/opencv-4.11.0-1.5.12-ios-x86_64.jar:/home/apolo/.gradle/caches/modules-2/files-2.1/org.bytedeco/opencv/4.11.0-1.5.12/62c4843106aa0ef97928395e8957d38aec8cec6/opencv-4.11.0-1.5.12-linux-x86_64.jar:/home/apolo/.gradle/caches/modules-2/files-2.1/org.bytedeco/opencv/4.11.0-1.5.12/db208ac980ca6e2449b511e17a2869029179cf6c/opencv-4.11.0-1.5.12-linux-arm64.jar:/home/apolo/.gradle/caches/modules-2/files-2.1/org.bytedeco/opencv/4.11.0-1.5.12/e636d7aae8596881a469d4da1cf874cd1f7d4dca/opencv-4.11.0-1.5.12-macosx-arm64.jar:/home/apolo/.gradle/caches/modules-2/files-2.1/org.bytedeco/opencv/4.11.0-1.5.12/2c38aefc301a6c07500a36eb734c1aa9cdeeea3e/opencv-4.11.0-1.5.12-macosx-x86_64.jar:/home/apolo/.gradle/caches/modules-2/files-2.1/org.bytedeco/opencv/4.11.0-1.5.12/5e8eae13390fb2e1613304f61161e4f3fbf5752c/opencv-4.11.0-1.5.12-windows-x86_64.jar:/home/apolo/.gradle/caches/modules-2/files-2.1/org.bytedeco/openblas/0.3.30-1.5.12/cabee9943770f1aabed0398a34dce3aef4a965f7/openblas-0.3.30-1.5.12.jar:/home/apolo/.gradle/caches/modules-2/files-2.1/org.bytedeco/openblas/0.3.30-1.5.12/f4c733b238279be40dbb1625dd4085476c19d7fb/openblas-0.3.30-1.5.12-android-arm64.jar:/home/apolo/.gradle/caches/modules-2/files-2.1/org.bytedeco/openblas/0.3.30-1.5.12/c6e4767b085848d2a361a3ed31acf939e92e13e5/openblas-0.3.30-1.5.12-android-x86_64.jar:/home/apolo/.gradle/caches/modules-2/files-2.1/org.bytedeco/openblas/0.3.30-1.5.12/5a256d172ab520215d6aa4646c63d9d62fec53a7/openblas-0.3.30-1.5.12-ios-arm64.jar:/home/apolo/.gradle/caches/modules-2/files-2.1/org.bytedeco/openblas/0.3.30-1.5.12/a8bc345148ffddf1782ddaf4eb1f32e24948032/openblas-0.3.30-1.5.12-ios-x86_64.jar:/home/apolo/.gradle/caches/modules-2/files-2.1/org.bytedeco/openblas/0.3.30-1.5.12/6f89bf2bee8dfb60507245e0d15bbdc6e4ca5e35/openblas-0.3.30-1.5.12-linux-x86_64.jar:/home/apolo/.gradle/caches/modules-2/files-2.1/org.bytedeco/openblas/0.3.30-1.5.12/1bb03d9b718de19b73f455bb18e1f66a38ca1d56/openblas-0.3.30-1.5.12-linux-arm64.jar:/home/apolo/.gradle/caches/modules-2/files-2.1/org.bytedeco/openblas/0.3.30-1.5.12/b5d8b0a3258ae858131aae88845b204037bd62d2/openblas-0.3.30-1.5.12-macosx-arm64.jar:/home/apolo/.gradle/caches/modules-2/files-2.1/org.bytedeco/openblas/0.3.30-1.5.12/6725cf30bb23ad84590106216e2970162134bbf2/openblas-0.3.30-1.5.12-macosx-x86_64.jar:/home/apolo/.gradle/caches/modules-2/files-2.1/org.bytedeco/openblas/0.3.30-1.5.12/f380aee63fe46b60f860fb06469fb04256978e7b/openblas-0.3.30-1.5.12-windows-x86_64.jar:/home/apolo/.gradle/caches/modules-2/files-2.1/org.bytedeco/ffmpeg/7.1.1-1.5.12/cb9ea8db4629207cba7b2bcfd2a7f7f87c789054/ffmpeg-7.1.1-1.5.12.jar:/home/apolo/.gradle/caches/modules-2/files-2.1/org.bytedeco/ffmpeg/7.1.1-1.5.12/645419e29b449591f42556420a8e486dc2ff1f09/ffmpeg-7.1.1-1.5.12-android-arm64.jar:/home/apolo/.gradle/caches/modules-2/files-2.1/org.bytedeco/ffmpeg/7.1.1-1.5.12/2cff19d6b79702a56df30b0790949f933123a892/ffmpeg-7.1.1-1.5.12-android-x86_64.jar:/home/apolo/.gradle/caches/modules-2/files-2.1/org.bytedeco/ffmpeg/7.1.1-1.5.12/ff27505de07158c091625440e44fb38ceaaf3197/ffmpeg-7.1.1-1.5.12-linux-x86_64.jar:/home/apolo/.gradle/caches/modules-2/files-2.1/org.bytedeco/ffmpeg/7.1.1-1.5.12/966dc375e515f9b451952d37dd8e6454cc9d9b5e/ffmpeg-7.1.1-1.5.12-linux-arm64.jar:/home/apolo/.gradle/caches/modules-2/files-2.1/org.bytedeco/ffmpeg/7.1.1-1.5.12/485036a6f2b24f5bba487423beb96c831a934404/ffmpeg-7.1.1-1.5.12-macosx-arm64.jar:/home/apolo/.gradle/caches/modules-2/files-2.1/org.bytedeco/ffmpeg/7.1.1-1.5.12/42d46a328f48a8b8d17c00f36b56980e009e2175/ffmpeg-7.1.1-1.5.12-macosx-x86_64.jar:/home/apolo/.gradle/caches/modules-2/files-2.1/org.bytedeco/ffmpeg/7.1.1-1.5.12/c7e041de55d71cdef45bb6fb3c7d9331d737f25d/ffmpeg-7.1.1-1.5.12-windows-x86_64.jar:/home/apolo/.gradle/caches/modules-2/files-2.1/org.bytedeco/flycapture/2.13.3.31-1.5.9/c653e61d46ebe5a5c0e71c17681f126320422f4/flycapture-2.13.3.31-1.5.9.jar:/home/apolo/.gradle/caches/modules-2/files-2.1/org.bytedeco/flycapture/2.13.3.31-1.5.9/85ec8546502a3a17e86ecf585b58fa98436d12a4/flycapture-2.13.3.31-1.5.9-linux-x86.jar:/home/apolo/.gradle/caches/modules-2/files-2.1/org.bytedeco/flycapture/2.13.3.31-1.5.9/d51d148f00a79619f1300983c9a2cc8cb973dadb/flycapture-2.13.3.31-1.5.9-linux-x86_64.jar:/home/apolo/.gradle/caches/modules-2/files-2.1/org.bytedeco/flycapture/2.13.3.31-1.5.9/d97b553f9bad0ac14b4cb5d25abad69f18c39325/flycapture-2.13.3.31-1.5.9-linux-armhf.jar:/home/apolo/.gradle/caches/modules-2/files-2.1/org.bytedeco/flycapture/2.13.3.31-1.5.9/b4de090166d6c49a05f6edec100fa2dd5912d41a/flycapture-2.13.3.31-1.5.9-linux-arm64.jar:/home/apolo/.gradle/caches/modules-2/files-2.1/org.bytedeco/flycapture/2.13.3.31-1.5.9/176902709475936e5d187768c47fbd6a023e48d8/flycapture-2.13.3.31-1.5.9-windows-x86.jar:/home/apolo/.gradle/caches/modules-2/files-2.1/org.bytedeco/flycapture/2.13.3.31-1.5.9/aefe6bb84ee84669117b1f8d2b0ecafd6e666383/flycapture-2.13.3.31-1.5.9-windows-x86_64.jar:/home/apolo/.gradle/caches/modules-2/files-2.1/org.bytedeco/libdc1394/2.2.6-1.5.9/fa32142e37d3be048b64fb52ca51deca6d5de667/libdc1394-2.2.6-1.5.9.jar:/home/apolo/.gradle/caches/modules-2/files-2.1/org.bytedeco/libdc1394/2.2.6-1.5.9/f7d9403ef3ac56375bae667c13bce4512ea3ad14/libdc1394-2.2.6-1.5.9-linux-x86.jar:/home/apolo/.gradle/caches/modules-2/files-2.1/org.bytedeco/libdc1394/2.2.6-1.5.9/7acad7231f224ff3cdf47c484ef3fa6f20963659/libdc1394-2.2.6-1.5.9-linux-x86_64.jar:/home/apolo/.gradle/caches/modules-2/files-2.1/org.bytedeco/libdc1394/2.2.6-1.5.9/e5b12f9ca1ff3f57f361c4152d1ec5505538f6e1/libdc1394-2.2.6-1.5.9-linux-armhf.jar:/home/apolo/.gradle/caches/modules-2/files-2.1/org.bytedeco/libdc1394/2.2.6-1.5.9/ea94313a066e52cd2cee9b200823c807acbabccd/libdc1394-2.2.6-1.5.9-linux-arm64.jar:/home/apolo/.gradle/caches/modules-2/files-2.1/org.bytedeco/libdc1394/2.2.6-1.5.9/a3084219b82faa7c61fa27e8cd3362d2baadc016/libdc1394-2.2.6-1.5.9-linux-ppc64le.jar:/home/apolo/.gradle/caches/modules-2/files-2.1/org.bytedeco/libdc1394/2.2.6-1.5.9/d27a2a94a6eb8bf3c41c4db0a521950efd08e0a1/libdc1394-2.2.6-1.5.9-macosx-x86_64.jar:/home/apolo/.gradle/caches/modules-2/files-2.1/org.bytedeco/libdc1394/2.2.6-1.5.9/e5be5dc0f4e6c786adbe2ae17ed0044df86d615b/libdc1394-2.2.6-1.5.9-windows-x86.jar:/home/apolo/.gradle/caches/modules-2/files-2.1/org.bytedeco/libdc1394/2.2.6-1.5.9/d82e9b05c5b4c2fd4a70b9c95ecdaf53cd7f672d/libdc1394-2.2.6-1.5.9-windows-x86_64.jar:/home/apolo/.gradle/caches/modules-2/files-2.1/org.bytedeco/libfreenect/0.5.7-1.5.9/16c037cd4f9e9f35a8e88fea29979e96b711f6ff/libfreenect-0.5.7-1.5.9.jar:/home/apolo/.gradle/caches/modules-2/files-2.1/org.bytedeco/libfreenect/0.5.7-1.5.9/638424a37edc92a9a1e17ccc43f3dffea3378eb4/libfreenect-0.5.7-1.5.9-linux-x86.jar:/home/apolo/.gradle/caches/modules-2/files-2.1/org.bytedeco/libfreenect/0.5.7-1.5.9/7c0f3fc2ce482165be5f36de3106ae99e644b77f/libfreenect-0.5.7-1.5.9-linux-x86_64.jar:/home/apolo/.gradle/caches/modules-2/files-2.1/org.bytedeco/libfreenect/0.5.7-1.5.9/807e7b683af1b031fd3908b4e82dde74df31e767/libfreenect-0.5.7-1.5.9-linux-armhf.jar:/home/apolo/.gradle/caches/modules-2/files-2.1/org.bytedeco/libfreenect/0.5.7-1.5.9/164abca835d05af2095b027822d25b6835110fc8/libfreenect-0.5.7-1.5.9-linux-arm64.jar:/home/apolo/.gradle/caches/modules-2/files-2.1/org.bytedeco/libfreenect/0.5.7-1.5.9/a93ba40fff7feb1ae19968b64b8928842bcc231c/libfreenect-0.5.7-1.5.9-linux-ppc64le.jar:/home/apolo/.gradle/caches/modules-2/files-2.1/org.bytedeco/libfreenect/0.5.7-1.5.9/12fa8e9975eb1dc0efa2a6e152fee15bfc2139d7/libfreenect-0.5.7-1.5.9-macosx-x86_64.jar:/home/apolo/.gradle/caches/modules-2/files-2.1/org.bytedeco/libfreenect/0.5.7-1.5.9/2a20883b37c2ee1e166cbe3f3d66f4ac0d413134/libfreenect-0.5.7-1.5.9-windows-x86.jar:/home/apolo/.gradle/caches/modules-2/files-2.1/org.bytedeco/libfreenect/0.5.7-1.5.9/d2de417f6b540cfe8496f8240bad2467e84b56a0/libfreenect-0.5.7-1.5.9-windows-x86_64.jar:/home/apolo/.gradle/caches/modules-2/files-2.1/org.bytedeco/libfreenect2/0.2.0-1.5.9/2008343f5ea8bbbf1d516bf630a2656c91711a9/libfreenect2-0.2.0-1.5.9.jar:/home/apolo/.gradle/caches/modules-2/files-2.1/org.bytedeco/libfreenect2/0.2.0-1.5.9/497991d72c5e9e81fa697f1a2f4abb7059d18661/libfreenect2-0.2.0-1.5.9-linux-x86.jar:/home/apolo/.gradle/caches/modules-2/files-2.1/org.bytedeco/libfreenect2/0.2.0-1.5.9/24ab1291b067d0933ea76807597d81a1255e217a/libfreenect2-0.2.0-1.5.9-linux-x86_64.jar:/home/apolo/.gradle/caches/modules-2/files-2.1/org.bytedeco/libfreenect2/0.2.0-1.5.9/af06c4b4202f1f73552f5123ffce0b1948c12663/libfreenect2-0.2.0-1.5.9-macosx-x86_64.jar:/home/apolo/.gradle/caches/modules-2/files-2.1/org.bytedeco/libfreenect2/0.2.0-1.5.9/fe018286861aca25a55604ebda28d08d7a1e2785/libfreenect2-0.2.0-1.5.9-windows-x86_64.jar:/home/apolo/.gradle/caches/modules-2/files-2.1/org.bytedeco/librealsense/1.12.4-1.5.9/27fb41a9d834522fb6d3acd56defbe56ccfb45e1/librealsense-1.12.4-1.5.9.jar:/home/apolo/.gradle/caches/modules-2/files-2.1/org.bytedeco/librealsense/1.12.4-1.5.9/769ae6d3e1c15b73260ffe0794273e414acf2ea/librealsense-1.12.4-1.5.9-linux-armhf.jar:/home/apolo/.gradle/caches/modules-2/files-2.1/org.bytedeco/librealsense/1.12.4-1.5.9/a93e17e2e6818111ae122d238ffb5e3bb6259e27/librealsense-1.12.4-1.5.9-linux-arm64.jar:/home/apolo/.gradle/caches/modules-2/files-2.1/org.bytedeco/librealsense/1.12.4-1.5.9/38cb2fa593545baa50245b86132dd832591d35d2/librealsense-1.12.4-1.5.9-linux-x86.jar:/home/apolo/.gradle/caches/modules-2/files-2.1/org.bytedeco/librealsense/1.12.4-1.5.9/5a021abc673fdd5606be939aad408765dba54878/librealsense-1.12.4-1.5.9-linux-x86_64.jar:/home/apolo/.gradle/caches/modules-2/files-2.1/org.bytedeco/librealsense/1.12.4-1.5.9/3ea7930d61096c0b769ddb163010d38dad4feb6b/librealsense-1.12.4-1.5.9-macosx-x86_64.jar:/home/apolo/.gradle/caches/modules-2/files-2.1/org.bytedeco/librealsense/1.12.4-1.5.9/1950b2bb729af2d9c2dbf424b419716b1509f2db/librealsense-1.12.4-1.5.9-windows-x86.jar:/home/apolo/.gradle/caches/modules-2/files-2.1/org.bytedeco/librealsense/1.12.4-1.5.9/3ea18855380a5d528160c583e485491e7e8bdd47/librealsense-1.12.4-1.5.9-windows-x86_64.jar:/home/apolo/.gradle/caches/modules-2/files-2.1/org.bytedeco/librealsense2/2.53.1-1.5.9/3123b090f70551bbf78bb973b2ee6d555c2efe5e/librealsense2-2.53.1-1.5.9.jar:/home/apolo/.gradle/caches/modules-2/files-2.1/org.bytedeco/librealsense2/2.53.1-1.5.9/13ff01106992a38b4b02e771a648304930a77cf6/librealsense2-2.53.1-1.5.9-linux-armhf.jar:/home/apolo/.gradle/caches/modules-2/files-2.1/org.bytedeco/librealsense2/2.53.1-1.5.9/dd0b5d2dedd3ab01c7bb97042cee57640d5c1fb4/librealsense2-2.53.1-1.5.9-linux-arm64.jar:/home/apolo/.gradle/caches/modules-2/files-2.1/org.bytedeco/librealsense2/2.53.1-1.5.9/13bac2d3e040ca0e729b6a6f5827b4876dc4000/librealsense2-2.53.1-1.5.9-linux-x86.jar:/home/apolo/.gradle/caches/modules-2/files-2.1/org.bytedeco/librealsense2/2.53.1-1.5.9/db319728fe26a004effd83884132e0c115e99e8a/librealsense2-2.53.1-1.5.9-linux-x86_64.jar:/home/apolo/.gradle/caches/modules-2/files-2.1/org.bytedeco/librealsense2/2.53.1-1.5.9/1a9d77eeb22088653ee398721e769a4b7ecfbd1a/librealsense2-2.53.1-1.5.9-macosx-x86_64.jar:/home/apolo/.gradle/caches/modules-2/files-2.1/org.bytedeco/librealsense2/2.53.1-1.5.9/4c33bb1987aa748c8348957f2bc83182d1a229ab/librealsense2-2.53.1-1.5.9-windows-x86.jar:/home/apolo/.gradle/caches/modules-2/files-2.1/org.bytedeco/librealsense2/2.53.1-1.5.9/fe3ea25e1f6991a68e51c5ddcf8e9a6005efe553/librealsense2-2.53.1-1.5.9-windows-x86_64.jar:/home/apolo/.gradle/caches/modules-2/files-2.1/org.bytedeco/videoinput/0.200-1.5.9/296ef2dc4f171920b3c8dc50efb9db6e915a1bd2/videoinput-0.200-1.5.9.jar:/home/apolo/.gradle/caches/modules-2/files-2.1/org.bytedeco/videoinput/0.200-1.5.9/61dcd5e7316e858496f73b1d5957babff6e87a8a/videoinput-0.200-1.5.9-windows-x86.jar:/home/apolo/.gradle/caches/modules-2/files-2.1/org.bytedeco/videoinput/0.200-1.5.9/65c40cb15d7ce1ab64a1eda96dacbd0ad1e07c7b/videoinput-0.200-1.5.9-windows-x86_64.jar:/home/apolo/.gradle/caches/modules-2/files-2.1/org.bytedeco/artoolkitplus/2.3.1-1.5.9/af6a8e3a14873b7de80d632e06eb0b3c9cc00c86/artoolkitplus-2.3.1-1.5.9.jar:/home/apolo/.gradle/caches/modules-2/files-2.1/org.bytedeco/artoolkitplus/2.3.1-1.5.9/c313c942533c0a265c46fd5fad46f0d4812143ac/artoolkitplus-2.3.1-1.5.9-android-arm.jar:/home/apolo/.gradle/caches/modules-2/files-2.1/org.bytedeco/artoolkitplus/2.3.1-1.5.9/25d0cebb636d507f92c6a16ad93ad0f715e94c1e/artoolkitplus-2.3.1-1.5.9-android-arm64.jar:/home/apolo/.gradle/caches/modules-2/files-2.1/org.bytedeco/artoolkitplus/2.3.1-1.5.9/21a671f8bc10a8c88cb034d999d59f9f4a376543/artoolkitplus-2.3.1-1.5.9-android-x86.jar:/home/apolo/.gradle/caches/modules-2/files-2.1/org.bytedeco/artoolkitplus/2.3.1-1.5.9/a61070a49741e58a37243bad3a9f28b52593dce9/artoolkitplus-2.3.1-1.5.9-android-x86_64.jar:/home/apolo/.gradle/caches/modules-2/files-2.1/org.bytedeco/artoolkitplus/2.3.1-1.5.9/e078d9ce9c354a4c7d24ba1c02d3647f9e72170b/artoolkitplus-2.3.1-1.5.9-linux-x86.jar:/home/apolo/.gradle/caches/modules-2/files-2.1/org.bytedeco/artoolkitplus/2.3.1-1.5.9/1477cc4c8e3706b76528bcfaae4d98212e65498e/artoolkitplus-2.3.1-1.5.9-linux-x86_64.jar:/home/apolo/.gradle/caches/modules-2/files-2.1/org.bytedeco/artoolkitplus/2.3.1-1.5.9/d8ae0a865ad7a05672077e0d01b76c2c9d8f4641/artoolkitplus-2.3.1-1.5.9-linux-armhf.jar:/home/apolo/.gradle/caches/modules-2/files-2.1/org.bytedeco/artoolkitplus/2.3.1-1.5.9/2dba8f53a32a54c56795d529b0e86699c6c40604/artoolkitplus-2.3.1-1.5.9-linux-arm64.jar:/home/apolo/.gradle/caches/modules-2/files-2.1/org.bytedeco/artoolkitplus/2.3.1-1.5.9/fc83b541f8265486873a77e09bfb4812145e55ef/artoolkitplus-2.3.1-1.5.9-linux-ppc64le.jar:/home/apolo/.gradle/caches/modules-2/files-2.1/org.bytedeco/artoolkitplus/2.3.1-1.5.9/b9e93bfe25743fc66f9e1c49bd5c15de50098d12/artoolkitplus-2.3.1-1.5.9-macosx-x86_64.jar:/home/apolo/.gradle/caches/modules-2/files-2.1/org.bytedeco/artoolkitplus/2.3.1-1.5.9/5a0d26b1db496fa0b0f11ab9607e0a8be8854dba/artoolkitplus-2.3.1-1.5.9-windows-x86.jar:/home/apolo/.gradle/caches/modules-2/files-2.1/org.bytedeco/artoolkitplus/2.3.1-1.5.9/63cd2f8e29ad476e1adc0370312546eac1bc97a6/artoolkitplus-2.3.1-1.5.9-windows-x86_64.jar:/home/apolo/.gradle/caches/modules-2/files-2.1/org.bytedeco/tesseract/5.5.1-1.5.12/e0d5bff83c9dfd19a36528aa1fdabf8cdea4518/tesseract-5.5.1-1.5.12.jar:/home/apolo/.gradle/caches/modules-2/files-2.1/org.bytedeco/tesseract/5.5.1-1.5.12/7ff207076ac78f71aca9ab50e090a85a8a09e87b/tesseract-5.5.1-1.5.12-android-arm64.jar:/home/apolo/.gradle/caches/modules-2/files-2.1/org.bytedeco/tesseract/5.5.1-1.5.12/c0bd8c86765441b6a94a85a226ad251ec65b97f5/tesseract-5.5.1-1.5.12-android-x86_64.jar:/home/apolo/.gradle/caches/modules-2/files-2.1/org.bytedeco/tesseract/5.5.1-1.5.12/3aa5c65cfd5b2b0480077951e1cf1101cf39da33/tesseract-5.5.1-1.5.12-linux-x86_64.jar:/home/apolo/.gradle/caches/modules-2/files-2.1/org.bytedeco/tesseract/5.5.1-1.5.12/92c3f5c186a62f0f4ece487ef8bfe15145a8003a/tesseract-5.5.1-1.5.12-linux-arm64.jar:/home/apolo/.gradle/caches/modules-2/files-2.1/org.bytedeco/tesseract/5.5.1-1.5.12/d564baa4abc5d06d07e8481e8ac5c9974aace99d/tesseract-5.5.1-1.5.12-macosx-arm64.jar:/home/apolo/.gradle/caches/modules-2/files-2.1/org.bytedeco/tesseract/5.5.1-1.5.12/73606cc634f8c32bfb4a24d06c1ef3e4a70a04b6/tesseract-5.5.1-1.5.12-macosx-x86_64.jar:/home/apolo/.gradle/caches/modules-2/files-2.1/org.bytedeco/tesseract/5.5.1-1.5.12/339c77e11fd0e2c6fcbd11d58b61b36f8c0660e0/tesseract-5.5.1-1.5.12-windows-x86_64.jar:/home/apolo/.gradle/caches/modules-2/files-2.1/org.bytedeco/leptonica/1.85.0-1.5.12/814d57e32a133e1286e395647d14f044972c3126/leptonica-1.85.0-1.5.12.jar:/home/apolo/.gradle/caches/modules-2/files-2.1/org.bytedeco/leptonica/1.85.0-1.5.12/6150524a219ced038ff3ca26a0c86580bd5d00cd/leptonica-1.85.0-1.5.12-android-arm64.jar:/home/apolo/.gradle/caches/modules-2/files-2.1/org.bytedeco/leptonica/1.85.0-1.5.12/c594eb127888f45a00737a125243300655ae77e5/leptonica-1.85.0-1.5.12-android-x86_64.jar:/home/apolo/.gradle/caches/modules-2/files-2.1/org.bytedeco/leptonica/1.85.0-1.5.12/598cf99085790d4ca3e8c3cad86632f908d582ae/leptonica-1.85.0-1.5.12-linux-x86_64.jar:/home/apolo/.gradle/caches/modules-2/files-2.1/org.bytedeco/leptonica/1.85.0-1.5.12/890909f1b4d2a67c96bb3e30e7ba3df3d3f15a8d/leptonica-1.85.0-1.5.12-linux-arm64.jar:/home/apolo/.gradle/caches/modules-2/files-2.1/org.bytedeco/leptonica/1.85.0-1.5.12/572a5dfd5723157a86461e0679001e385ae16068/leptonica-1.85.0-1.5.12-macosx-arm64.jar:/home/apolo/.gradle/caches/modules-2/files-2.1/org.bytedeco/leptonica/1.85.0-1.5.12/c65b43d3f4e882f60dffeb9310f532da18574ac4/leptonica-1.85.0-1.5.12-macosx-x86_64.jar:/home/apolo/.gradle/caches/modules-2/files-2.1/org.bytedeco/leptonica/1.85.0-1.5.12/a7206b74688ddc9ea21127c58c5683ecd2f27bb6/leptonica-1.85.0-1.5.12-windows-x86_64.jar:/home/apolo/.gradle/caches/modules-2/files-2.1/org.bytedeco/javacpp/1.5.12/d37e3e9c7f3e3a9e492c245e62fd358611889e04/javacpp-1.5.12.jar:/home/apolo/.gradle/caches/modules-2/files-2.1/org.bytedeco/javacpp/1.5.12/24721160fe9d1d089e9d3942e5e647b04715dbfc/javacpp-1.5.12-android-arm64.jar:/home/apolo/.gradle/caches/modules-2/files-2.1/org.bytedeco/javacpp/1.5.12/db3285c9ffa0642a94284fa2ae99add948e86a00/javacpp-1.5.12-android-x86_64.jar:/home/apolo/.gradle/caches/modules-2/files-2.1/org.bytedeco/javacpp/1.5.12/1ad714742b1a983c243014cf930d91f202c6f2d6/javacpp-1.5.12-ios-arm64.jar:/home/apolo/.gradle/caches/modules-2/files-2.1/org.bytedeco/javacpp/1.5.12/a3ff8c9c055fd88feb2acac3ba34647fbdaa12f/javacpp-1.5.12-ios-x86_64.jar:/home/apolo/.gradle/caches/modules-2/files-2.1/org.bytedeco/javacpp/1.5.12/23afd92412bc89d918d46b86fb447bf6af918ed0/javacpp-1.5.12-linux-arm64.jar:/home/apolo/.gradle/caches/modules-2/files-2.1/org.bytedeco/javacpp/1.5.12/7552f8696c1c06c1b0da1a0c28e3824d9fc3c691/javacpp-1.5.12-linux-ppc64le.jar:/home/apolo/.gradle/caches/modules-2/files-2.1/org.bytedeco/javacpp/1.5.12/8643f7ed669ee25890725d5d9b290fc69035ab06/javacpp-1.5.12-linux-riscv64.jar:/home/apolo/.gradle/caches/modules-2/files-2.1/org.bytedeco/javacpp/1.5.12/236c66f81b9e35ec74c76e984283543ba29e3fc4/javacpp-1.5.12-linux-x86_64.jar:/home/apolo/.gradle/caches/modules-2/files-2.1/org.bytedeco/javacpp/1.5.12/9cd9b23e7cd58096ee212821d161a7b6604f537b/javacpp-1.5.12-macosx-arm64.jar:/home/apolo/.gradle/caches/modules-2/files-2.1/org.bytedeco/javacpp/1.5.12/f29d1135377c107fb909cb52f095f12446f2ccc/javacpp-1.5.12-macosx-x86_64.jar:/home/apolo/.gradle/caches/modules-2/files-2.1/org.bytedeco/javacpp/1.5.12/98fd3715137b6e3062486d0fb798568774d5fd/javacpp-1.5.12-windows-x86_64.jar:/home/apolo/.gradle/caches/modules-2/files-2.1/jakarta.annotation/jakarta.annotation-api/3.0.0/54f928fadec906a99d558536756d171917b9d936/jakarta.annotation-api-3.0.0.jar:/home/apolo/.gradle/caches/modules-2/files-2.1/org.yaml/snakeyaml/2.5/2d53ddec134280cb384c1e35d094e5f71c1f2316/snakeyaml-2.5.jar:/home/apolo/.gradle/caches/modules-2/files-2.1/org.springframework/spring-aspects/7.0.1/f7ff5961bc05b2758b10b984a1ccfc468e58e5d6/spring-aspects-7.0.1.jar:/home/apolo/.gradle/caches/modules-2/files-2.1/io.micrometer/micrometer-observation/1.16.0/3dc3a2bec5121417b638191b1f3aed16c9764667/micrometer-observation-1.16.0.jar:/home/apolo/.gradle/caches/modules-2/files-2.1/io.micrometer/micrometer-commons/1.16.0/d45ae92945c59eecf485433923fa6a5cf9ce0dbe/micrometer-commons-1.16.0.jar:/home/apolo/.gradle/caches/modules-2/files-2.1/org.jspecify/jspecify/1.0.0/7425a601c1c7ec76645a78d22b8c6a627edee507/jspecify-1.0.0.jar:/home/apolo/.gradle/caches/modules-2/files-2.1/commons-collections/commons-collections/3.2.1/761ea405b9b37ced573d2df0d1e3a4e0f9edc668/commons-collections-3.2.1.jar:/home/apolo/.gradle/caches/modules-2/files-2.1/org.antlr/antlr4-runtime/4.13.2/fc3db6d844df652a3d5db31c87fa12757f13691d/antlr4-runtime-4.13.2.jar:/home/apolo/.gradle/caches/modules-2/files-2.1/org.aspectj/aspectjweaver/1.9.25/4919d90e19bf8f0f33318c01c93ba92d9a354b21/aspectjweaver-1.9.25.jar:/home/apolo/.gradle/caches/modules-2/files-2.1/ch.qos.logback/logback-core/1.5.21/970bf47cbc34d24e47f375b6b4e407d6d699474f/logback-core-1.5.21.jar:/home/apolo/.gradle/caches/modules-2/files-2.1/org.apache.logging.log4j/log4j-api/2.25.2/292c1a2b1702f1e1e3adb13e1c57e5bff60335ff/log4j-api-2.25.2.jar:/home/apolo/.gradle/caches/modules-2/files-2.1/jakarta.persistence/jakarta.persistence-api/3.2.0/bb75a113f3fa191c2c7ee7b206d8e674251b3129/jakarta.persistence-api-3.2.0.jar:/home/apolo/.gradle/caches/modules-2/files-2.1/jakarta.transaction/jakarta.transaction-api/2.0.1/51a520e3fae406abb84e2e1148e6746ce3f80a1a/jakarta.transaction-api-2.0.1.jar:/home/apolo/.gradle/caches/modules-2/files-2.1/com.fasterxml/classmate/1.7.1/e803194e4362a2c0585087c5f315682897d12f00/classmate-1.7.1.jar:/home/apolo/.gradle/caches/modules-2/files-2.1/net.bytebuddy/byte-buddy/1.17.8/af5735f63d00ca47a9375fae5c7471a36331c6ed/byte-buddy-1.17.8.jar:/home/apolo/.gradle/caches/modules-2/files-2.1/org.glassfish.jaxb/jaxb-runtime/4.0.6/fb95ebb62564657b2fedfe165b859789ef3a8711/jaxb-runtime-4.0.6.jar:/home/apolo/.gradle/caches/modules-2/files-2.1/org.glassfish.jaxb/jaxb-core/4.0.6/8e61282303777fc98a00cc3affd0560d68748a75/jaxb-core-4.0.6.jar:/home/apolo/.gradle/caches/modules-2/files-2.1/jakarta.xml.bind/jakarta.xml.bind-api/4.0.4/d6d2327f3817d9a33a3b6b8f2e15a96bc2e7afdc/jakarta.xml.bind-api-4.0.4.jar:/home/apolo/.gradle/caches/modules-2/files-2.1/jakarta.inject/jakarta.inject-api/2.0.1/4c28afe1991a941d7702fe1362c365f0a8641d1e/jakarta.inject-api-2.0.1.jar:/home/apolo/.gradle/caches/modules-2/files-2.1/org.eclipse.angus/angus-activation/2.0.3/7f80607ea5014fef0b1779e6c33d63a88a45a563/angus-activation-2.0.3.jar:/home/apolo/.gradle/caches/modules-2/files-2.1/jakarta.activation/jakarta.activation-api/2.1.4/9e5c2a0d75dde71a0bedc4dbdbe47b78a5dc50f8/jakarta.activation-api-2.1.4.jar:/home/apolo/.gradle/caches/modules-2/files-2.1/org.glassfish.jaxb/txw2/4.0.6/4f4cd53b5ff9a2c5aa1211f15ed2569c57dfb044/txw2-4.0.6.jar:/home/apolo/.gradle/caches/modules-2/files-2.1/com.sun.istack/istack-commons-runtime/4.1.2/18ec117c85f3ba0ac65409136afa8e42bc74e739/istack-commons-runtime-4.1.2.jar
Launcher Type: SUN_STANDARD

[Global flags]
     intx CICompilerCount                          = 4                                         {product} {ergonomic}
     uint ConcGCThreads                            = 3                                         {product} {ergonomic}
     uint G1ConcRefinementThreads                  = 10                                        {product} {ergonomic}
   size_t G1HeapRegionSize                         = 1048576                                   {product} {ergonomic}
    uintx GCDrainStackTargetSize                   = 64                                        {product} {ergonomic}
   size_t InitialHeapSize                          = 125829120                                 {product} {ergonomic}
   size_t MarkStackSize                            = 4194304                                   {product} {ergonomic}
   size_t MaxHeapSize                              = 2011168768                                {product} {ergonomic}
   size_t MaxNewSize                               = 1205862400                                {product} {ergonomic}
   size_t MinHeapDeltaBytes                        = 1048576                                   {product} {ergonomic}
   size_t MinHeapSize                              = 8388608                                   {product} {ergonomic}
    uintx NonNMethodCodeHeapSize                   = 5839372                                {pd product} {ergonomic}
    uintx NonProfiledCodeHeapSize                  = 122909434                              {pd product} {ergonomic}
    uintx ProfiledCodeHeapSize                     = 122909434                              {pd product} {ergonomic}
    uintx ReservedCodeCacheSize                    = 251658240                              {pd product} {ergonomic}
     bool SegmentedCodeCache                       = true                                      {product} {ergonomic}
   size_t SoftMaxHeapSize                          = 2011168768                             {manageable} {ergonomic}
     bool UseCompressedOops                        = true                           {product lp64_product} {ergonomic}
     bool UseG1GC                                  = true                                      {product} {ergonomic}

Logging:
Log output configuration:
 #0: stdout all=warning uptime,level,tags foldmultilines=false
 #1: stderr all=off uptime,level,tags foldmultilines=false

Release file:
IMPLEMENTOR="Ubuntu"
JAVA_RUNTIME_VERSION="21.0.9+10-Ubuntu-122.04"
JAVA_VERSION="21.0.9"
JAVA_VERSION_DATE="2025-10-21"
LIBC="gnu"
MODULES="java.base java.compiler java.datatransfer java.xml java.prefs java.desktop java.instrument java.logging java.management java.security.sasl java.naming java.rmi java.management.rmi java.net.http java.scripting java.security.jgss java.transaction.xa java.sql java.sql.rowset java.xml.crypto java.se java.smartcardio jdk.accessibility jdk.internal.jvmstat jdk.attach jdk.charsets jdk.internal.opt jdk.zipfs jdk.compiler jdk.crypto.ec jdk.crypto.cryptoki jdk.dynalink jdk.internal.ed jdk.editpad jdk.hotspot.agent jdk.httpserver jdk.incubator.vector jdk.internal.le jdk.internal.vm.ci jdk.internal.vm.compiler jdk.internal.vm.compiler.management jdk.jartool jdk.javadoc jdk.jcmd jdk.management jdk.management.agent jdk.jconsole jdk.jdeps jdk.jdwp.agent jdk.jdi jdk.jfr jdk.jlink jdk.jpackage jdk.jshell jdk.jsobject jdk.jstatd jdk.localedata jdk.management.jfr jdk.naming.dns jdk.naming.rmi jdk.net jdk.nio.mapmode jdk.random jdk.sctp jdk.security.auth jdk.security.jgss jdk.unsupported jdk.unsupported.desktop jdk.xml.dom"
OS_ARCH="x86_64"
OS_NAME="Linux"
SOURCE=""

Environment Variables:
PATH=/usr/local/sbin:/usr/local/bin:/usr/sbin:/usr/bin:/sbin:/bin:/usr/games:/usr/local/games:/snap/bin:/snap/bin
USERNAME=apolo
SHELL=/usr/bin/zsh
DISPLAY=:0
LANG=en_US.UTF-8
LC_NUMERIC=pt_BR.UTF-8
LC_TIME=pt_BR.UTF-8

Active Locale:
LC_ALL=LC_CTYPE=en_US.UTF-8;LC_NUMERIC=pt_BR.UTF-8;LC_TIME=pt_BR.UTF-8;LC_COLLATE=en_US.UTF-8;LC_MONETARY=pt_BR.UTF-8;LC_MESSAGES=en_US.UTF-8;LC_PAPER=pt_BR.UTF-8;LC_NAME=pt_BR.UTF-8;LC_ADDRESS=pt_BR.UTF-8;LC_TELEPHONE=pt_BR.UTF-8;LC_MEASUREMENT=pt_BR.UTF-8;LC_IDENTIFICATION=pt_BR.UTF-8
LC_COLLATE=en_US.UTF-8
LC_CTYPE=en_US.UTF-8
LC_MESSAGES=en_US.UTF-8
LC_MONETARY=pt_BR.UTF-8
LC_NUMERIC=pt_BR.UTF-8
LC_TIME=pt_BR.UTF-8

Signal Handlers:
   SIGSEGV: crash_handler in libjvm.so, mask=11100100010111111101111111111110, flags=SA_RESTART|SA_SIGINFO, unblocked
    SIGBUS: crash_handler in libjvm.so, mask=11100100010111111101111111111110, flags=SA_RESTART|SA_SIGINFO, unblocked
    SIGFPE: crash_handler in libjvm.so, mask=11100100010111111101111111111110, flags=SA_RESTART|SA_SIGINFO, unblocked
   SIGPIPE: javaSignalHandler in libjvm.so, mask=11100100010111111101111111111110, flags=SA_RESTART|SA_SIGINFO, blocked
   SIGXFSZ: javaSignalHandler in libjvm.so, mask=11100100010111111101111111111110, flags=SA_RESTART|SA_SIGINFO, blocked
    SIGILL: crash_handler in libjvm.so, mask=11100100010111111101111111111110, flags=SA_RESTART|SA_SIGINFO, unblocked
   SIGUSR2: SR_handler in libjvm.so, mask=00000000000000000000000000000000, flags=SA_RESTART|SA_SIGINFO, blocked
    SIGHUP: UserHandler in libjvm.so, mask=11100100010111111101111111111110, flags=SA_RESTART|SA_SIGINFO, blocked
    SIGINT: UserHandler in libjvm.so, mask=11100100010111111101111111111110, flags=SA_RESTART|SA_SIGINFO, blocked
   SIGTERM: UserHandler in libjvm.so, mask=11100100010111111101111111111110, flags=SA_RESTART|SA_SIGINFO, blocked
   SIGQUIT: UserHandler in libjvm.so, mask=11100100010111111101111111111110, flags=SA_RESTART|SA_SIGINFO, blocked
   SIGTRAP: crash_handler in libjvm.so, mask=11100100010111111101111111111110, flags=SA_RESTART|SA_SIGINFO, unblocked


Periodic native trim disabled

---------------  S Y S T E M  ---------------

OS:
DISTRIB_ID=Ubuntu
DISTRIB_RELEASE=22.04
DISTRIB_CODENAME=jammy
DISTRIB_DESCRIPTION="Ubuntu 22.04.5 LTS"
uname: Linux 6.8.0-87-generic #88~22.04.1-Ubuntu SMP PREEMPT_DYNAMIC Tue Oct 14 14:03:14 UTC 2 x86_64
OS uptime: 0 days 1:05 hours
libc: glibc 2.35 NPTL 2.35 
rlimit (soft/hard): STACK 8192k/infinity , CORE 0k/infinity , NPROC 30325/30325 , NOFILE 1048576/1048576 , AS infinity/infinity , CPU infinity/infinity , DATA infinity/infinity , FSIZE infinity/infinity , MEMLOCK 981012k/981012k
load average: 2,24 1,94 1,71

/proc/meminfo:
MemTotal:        7848096 kB
MemFree:          232904 kB
MemAvailable:    1514828 kB
Buffers:            5480 kB
Cached:          1876656 kB
SwapCached:        69804 kB
Active:          4012376 kB
Inactive:        2329496 kB
Active(anon):    3493280 kB
Inactive(anon):  1388404 kB
Active(file):     519096 kB
Inactive(file):   941092 kB
Unevictable:      298572 kB
Mlocked:              16 kB
SwapTotal:       2097148 kB
SwapFree:         815588 kB
Zswap:                 0 kB
Zswapped:              0 kB
Dirty:            144100 kB
Writeback:             0 kB
AnonPages:       4742484 kB
Mapped:           514248 kB
Shmem:            553980 kB
KReclaimable:      93296 kB
Slab:             318892 kB
SReclaimable:      93296 kB
SUnreclaim:       225596 kB
KernelStack:       26272 kB
PageTables:        57760 kB
SecPageTables:         0 kB
NFS_Unstable:          0 kB
Bounce:                0 kB
WritebackTmp:          0 kB
CommitLimit:     6021196 kB
Committed_AS:   17738000 kB
VmallocTotal:   34359738367 kB
VmallocUsed:      214868 kB
VmallocChunk:          0 kB
Percpu:            12480 kB
HardwareCorrupted:     0 kB
AnonHugePages:         0 kB
ShmemHugePages:   360448 kB
ShmemPmdMapped:        0 kB
FileHugePages:         0 kB
FilePmdMapped:         0 kB
Unaccepted:            0 kB
HugePages_Total:       0
HugePages_Free:        0
HugePages_Rsvd:        0
HugePages_Surp:        0
Hugepagesize:       2048 kB
Hugetlb:               0 kB
DirectMap4k:      813312 kB
DirectMap2M:     7292928 kB
DirectMap1G:           0 kB

/sys/kernel/mm/transparent_hugepage/enabled: always [madvise] never
/sys/kernel/mm/transparent_hugepage/hpage_pmd_size: 2097152
/sys/kernel/mm/transparent_hugepage/defrag (defrag/compaction efforts parameter): always defer defer+madvise [madvise] never

Process Memory:
Virtual Size: 9250212K (peak: 9269144K)
Resident Set Size: 195552K (peak: 195552K) (anon: 150988K, file: 44564K, shmem: 0K)
Swapped out: 0K
C-Heap outstanding allocations: 52634K, retained: 7577K
glibc malloc tunables: (default)

/proc/sys/kernel/threads-max (system-wide limit on the number of threads): 60650
/proc/sys/vm/max_map_count (maximum number of memory map areas a process may have): 65530
/proc/sys/vm/swappiness (control to define how aggressively the kernel swaps out anonymous memory): 60
/proc/sys/kernel/pid_max (system-wide limit on number of process identifiers): 4194304

container information not found.
Steal ticks since vm start: 0
Steal ticks percentage since vm start:  0,000

CPU: total 12 (initial active 12) (6 cores per cpu, 2 threads per core) family 6 model 151 stepping 2 microcode 0x3a, cx8, cmov, fxsr, ht, mmx, 3dnowpref, sse, sse2, sse3, ssse3, sse4.1, sse4.2, popcnt, lzcnt, tsc, tscinvbit, avx, avx2, aes, erms, clmul, bmi1, bmi2, adx, sha, fma, vzeroupper, clflush, clflushopt, clwb, serialize, rdtscp, rdpid, fsrm, f16c, pku, ospke, cet_ibt, cet_ss
CPU Model and flags from /proc/cpuinfo:
model name	: 12th Gen Intel(R) Core(TM) i5-12450HX
flags		: fpu vme de pse tsc msr pae mce cx8 apic sep mtrr pge mca cmov pat pse36 clflush dts acpi mmx fxsr sse sse2 ss ht tm pbe syscall nx pdpe1gb rdtscp lm constant_tsc art arch_perfmon pebs bts rep_good nopl xtopology nonstop_tsc cpuid aperfmperf tsc_known_freq pni pclmulqdq dtes64 monitor ds_cpl vmx est tm2 ssse3 sdbg fma cx16 xtpr pdcm pcid sse4_1 sse4_2 x2apic movbe popcnt tsc_deadline_timer aes xsave avx f16c rdrand lahf_lm abm 3dnowprefetch cpuid_fault epb ssbd ibrs ibpb stibp ibrs_enhanced tpr_shadow flexpriority ept vpid ept_ad fsgsbase tsc_adjust bmi1 avx2 smep bmi2 erms invpcid rdseed adx smap clflushopt clwb intel_pt sha_ni xsaveopt xsavec xgetbv1 xsaves split_lock_detect user_shstk avx_vnni dtherm ida arat pln pts hwp hwp_notify hwp_act_window hwp_epp hwp_pkg_req hfi vnmi umip pku ospke waitpkg gfni vaes vpclmulqdq rdpid movdiri movdir64b fsrm md_clear serialize arch_lbr ibt flush_l1d arch_capabilities ibpb_exit_to_user

Online cpus: 0-11
Offline cpus: 
BIOS frequency limitation: <Not Available>
Frequency switch latency (ns): 0
Available cpu frequencies: <Not Available>
Current governor: powersave
Core performance/turbo boost: <Not Available>

Memory: 4k page, physical 7848096k(1514596k free), swap 2097148k(815588k free)
Page Sizes: 4k

vm_info: OpenJDK 64-Bit Server VM (21.0.9+10-Ubuntu-122.04) for linux-amd64 JRE (21.0.9+10-Ubuntu-122.04), built on 2025-10-23T12:39:18Z by "buildd" with gcc 12.3.0

END.
